{
    "@class": "com.kony.gen.viz.model.component.KVizButton",
    "DNDConfig": null,
    "__parentReadjusting__": false,
    "_height_": {
        "type": "string",
        "value": "7%"
    },
    "_left_": {
        "type": "string",
        "value": "60%"
    },
    "_margin_": [
        6,
        6,
        6,
        6
    ],
    "_padding_": [
        0,
        0,
        0,
        0
    ],
    "_skin_": "sb8495da42a14970ae62d081be2b6170",
    "_text_": "Login",
    "_top_": {
        "type": "string",
        "value": "0dp"
    },
    "_width_": {
        "type": "string",
        "value": "35%"
    },
    "canUpdateUI": true,
    "containerweight": 100,
    "contentalignment": 5,
    "displaytext": true,
    "focusskin": "s587493a9f244e938b609a96bb20ab0e",
    "id": "btnLogin",
    "ide_onClick": "AS_Button_fec0c40791c642379fdea38da71a9eea",
    "info": null,
    "isvisible": false,
    "kuid": "b48785ec72c74d298dbf593ea3c07706",
    "name": "kony.ui.Button",
    "parent": "flxLogin",
    "pf": "frmLogin",
    "wType": "Button",
    "zindex": 1
}