{
    "@class": "com.kony.gen.viz.model.component.KVizImage2",
    "DNDConfig": null,
    "__parentReadjusting__": false,
    "_base64_": null,
    "_height_": {
        "type": "string",
        "value": "70%"
    },
    "_left_": {
        "type": "string",
        "value": "2.50%"
    },
    "_margin_": [
        0,
        0,
        0,
        0
    ],
    "_padding_": [
        0,
        0,
        0,
        0
    ],
    "_skin_": "sb54f799ae48460395f99d32c977ebfe",
    "_src_": "id.png",
    "_top_": {
        "type": "string",
        "value": "0dp"
    },
    "_width_": {
        "type": "string",
        "value": "15%"
    },
    "canUpdateUI": true,
    "centery": {
        "type": "string",
        "value": "50%"
    },
    "containerweight": 100,
    "context": {
        "channel": "mobile",
        "formID": "frmLogin",
        "platform": "iphone",
        "templateType": "forms",
        "topLevelBox": null
    },
    "id": "imgUserId",
    "imagescalemode": 1,
    "info": null,
    "invokedProperty": "src",
    "isvisible": true,
    "kuid": "i8b80e2bab1d4db68ec8a1f88a4df10f",
    "name": "kony.ui.Image2",
    "parent": "flxUserField",
    "pf": "frmLogin",
    "srcType": 1,
    "wType": "Image",
    "widgetalignment": 5,
    "zindex": 1
}