{
    "@class": "com.kony.gen.viz.model.component.KVizLabel",
    "DNDConfig": null,
    "__parentReadjusting__": false,
    "_height_": {
        "type": "string",
        "value": "10%"
    },
    "_left_": {
        "type": "string",
        "value": "10%"
    },
    "_margin_": [
        1,
        1,
        1,
        1
    ],
    "_padding_": [
        0,
        0,
        0,
        0
    ],
    "_skin_": "s9b30ae4a2c349d2b0580f6f4435d38e",
    "_text_": "CSE Shift Roster",
    "_width_": {
        "type": "string",
        "value": "80%"
    },
    "_wrapping_": 2,
    "android": {
        "textStyle": {
            "letterSpacing": 0,
            "strikeThrough": false
        }
    },
    "canUpdateUI": true,
    "centery": {
        "type": "string",
        "value": "15%"
    },
    "containerweight": 100,
    "contentalignment": 5,
    "id": "lblTitle",
    "info": null,
    "ipad": {
        "psp": {
            "wrapping": 2
        }
    },
    "iphone": {
        "psp": {
            "wrapping": 2
        }
    },
    "isvisible": true,
    "kuid": "fce6ae185bf24d5ba916f96348333fd5",
    "name": "kony.ui.Label",
    "parent": "frmLogin",
    "pf": "frmLogin",
    "tooltip": "",
    "wType": "Label",
    "zindex": 1
}