{
    "@class": "com.kony.gen.viz.model.component.KVizSwitch",
    "DNDConfig": null,
    "__parentReadjusting__": false,
    "_height_": {
        "type": "string",
        "value": "80%"
    },
    "_left_": {
        "type": "string",
        "value": "2.50%"
    },
    "_margin_": [
        0,
        0,
        0,
        0
    ],
    "_padding_": [
        0,
        0,
        0,
        0
    ],
    "_skin_": "sbea1d2d17bf427bbcbaf121c88d0f6d",
    "_top_": {
        "type": "string",
        "value": "1dp"
    },
    "_width_": {
        "type": "string",
        "value": "15%"
    },
    "canUpdateUI": true,
    "centery": {
        "type": "string",
        "value": "50%"
    },
    "containerweight": 100,
    "id": "switchRM",
    "ide_onSlide": "AS_Switch_bf7f30cbdaa248f284e3ad7cd0127afe",
    "info": null,
    "isvisible": true,
    "kiosk": {
        "render": false
    },
    "kuid": "fabbd6fe81c04271b101756cf771402c",
    "leftsidetext": "ON",
    "name": "kony.ui.Switch",
    "onslide": null,
    "osPlatform": "iphone",
    "osVersion": "iOS7",
    "parent": "flxRememberMe",
    "pf": "frmLogin",
    "rightsidetext": "OFF",
    "selectedindex": 1,
    "wType": "Switch",
    "widgetalignment": 5,
    "zindex": 1
}