{
    "@class": "com.kony.gen.viz.model.component.KVizTextBox2",
    "DNDConfig": null,
    "__parentReadjusting__": false,
    "_height_": {
        "type": "string",
        "value": "100%"
    },
    "_left_": {
        "type": "string",
        "value": "22%"
    },
    "_margin_": [
        0,
        0,
        0,
        0
    ],
    "_padding_": [
        3,
        0,
        0,
        0
    ],
    "_placeholder_": "Password",
    "_skin_": "s845c33fa47e40fea90eff4a8f016426",
    "_text_": "",
    "_top_": {
        "type": "string",
        "value": "0dp"
    },
    "_width_": {
        "type": "string",
        "value": "78%"
    },
    "autocapitalize": "none",
    "autocomplete": false,
    "autocorrect": false,
    "autofilter": false,
    "canUpdateUI": true,
    "containerheight": "",
    "containerheightmode": 1,
    "containerweight": 100,
    "contentalignment": 4,
    "focusskin": "s4949f88c4364b4c93dc712e6064bc08",
    "id": "txtPassword",
    "ide_onDone": "AS_TextField_d39e641276364b9dab47ca65e10c92e9",
    "ide_onTextChange": "AS_TextField_bdf687f047044c30b168267195c9def2",
    "ide_onTouchStart": "AS_TextField_bb7a51476361497997ae49e98df301e5",
    "info": null,
    "isvisible": true,
    "keyboardtype": "A",
    "kuid": "g93be69137984677a725c5a952e505f4",
    "mode": "A",
    "name": "kony.ui.TextBox2",
    "parent": "flxPwdField",
    "pf": "frmLogin",
    "securetextentry": false,
    "textinputmode": "A",
    "viewtype": "default",
    "wType": "TextField",
    "zindex": 1
}