{
    "@class": "com.kony.gen.viz.model.component.KVizTextBox2",
    "DNDConfig": null,
    "__parentReadjusting__": false,
    "_height_": {
        "type": "string",
        "value": "100%"
    },
    "_left_": {
        "type": "string",
        "value": "22%"
    },
    "_margin_": [
        0,
        0,
        0,
        0
    ],
    "_padding_": [
        3,
        0,
        0,
        0
    ],
    "_placeholder_": "ID",
    "_skin_": "s845c33fa47e40fea90eff4a8f016426",
    "_text_": "",
    "_top_": {
        "type": "string",
        "value": "0dp"
    },
    "_width_": {
        "type": "string",
        "value": "78%"
    },
    "autocapitalize": "none",
    "autocomplete": false,
    "autocorrect": false,
    "autofilter": false,
    "canUpdateUI": true,
    "containerheight": "",
    "containerheightmode": 1,
    "containerweight": 100,
    "contentalignment": 4,
    "focusskin": "s4949f88c4364b4c93dc712e6064bc08",
    "id": "txtUsername",
    "ide_onDone": "AS_TextField_e5e62fd2403a4f72b3f6ded1fe0049ac",
    "ide_onTouchStart": "AS_TextField_c2d0e6320b1d44a5b94590c81cc8d52d",
    "info": null,
    "isvisible": true,
    "keyboardtype": "A",
    "kuid": "bb3d169b824243c5903cd488dcb58984",
    "mode": "A",
    "name": "kony.ui.TextBox2",
    "parent": "flxUserField",
    "pf": "frmLogin",
    "securetextentry": false,
    "textinputmode": "A",
    "viewtype": "default",
    "wType": "TextField",
    "zindex": 1
}