{
    "DNDConfig": null,
    "__parentReadjusting__": false,
    "_height_": {
        "type": "string",
        "value": "88.24%"
    },
    "_left_": {
        "type": "string",
        "value": "4%"
    },
    "_margin_": [
        0,
        0,
        0,
        0
    ],
    "_orientation_": 6,
    "_padding_": [
        0,
        0,
        0,
        0
    ],
    "_percent_": true,
    "_skin_": "s68b697f6eaf43ff8611c2f66b3d6428",
    "_top_": {
        "type": "string",
        "value": "11%"
    },
    "_width_": {
        "type": "string",
        "value": "62.24%"
    },
    "allboxes": [],
    "autogrowmode": 0,
    "canUpdateUI": true,
    "children": [
        "CopylblId0a0be9b745f1745",
        "txtAddress"
    ],
    "clipbounds": true,
    "containerweight": 100,
    "enablescrolling": true,
    "id": "flxAddress",
    "info": null,
    "isvisible": true,
    "kuid": "c41cd0bb960c4ddaa6bb2e7ed8cdb33d",
    "layouttype": 2,
    "name": "kony.ui.FlexContainer",
    "parent": "flxD",
    "pf": "frmAddEmployee",
    "snapgridsize": 10,
    "snaptogrid": true,
    "wType": "FlexContainer",
    "widgetalignment": 1,
    "zindex": 1
}