{
    "DNDConfig": null,
    "__parentReadjusting__": false,
    "_height_": {
        "type": "string",
        "value": "100%"
    },
    "_left_": {
        "type": "string",
        "value": "32%"
    },
    "_margin_": [
        0,
        0,
        0,
        0
    ],
    "_orientation_": 6,
    "_padding_": [
        0,
        0,
        0,
        0
    ],
    "_percent_": true,
    "_skin_": "s68b697f6eaf43ff8611c2f66b3d6428",
    "_top_": "0.00%",
    "_width_": {
        "type": "string",
        "value": "39.36%"
    },
    "allboxes": [],
    "autogrowmode": 0,
    "canUpdateUI": true,
    "children": [
        "imgMs",
        "imgChMs",
        "imgMsChecked",
        "lblMs"
    ],
    "clipbounds": true,
    "containerweight": 100,
    "enablescrolling": true,
    "id": "flxMs",
    "info": null,
    "isvisible": true,
    "kuid": "d54afa715071451c9017708022350388",
    "layouttype": 2,
    "name": "kony.ui.FlexContainer",
    "parent": "flxGender",
    "pf": "frmAddEmployee",
    "snapgridsize": 10,
    "snaptogrid": true,
    "wType": "FlexContainer",
    "widgetalignment": 1,
    "zindex": 1
}