{
    "@class": "com.kony.gen.viz.model.container.KVizScrollFlexForm",
    "DNDConfig": null,
    "_margin_": [
        0,
        0,
        0,
        0
    ],
    "_orientation_": 1,
    "_padding_": [
        0,
        0,
        0,
        0
    ],
    "_percent_": true,
    "_skin_": "s6cf8184a08441608ce28e53c1924edd",
    "_title_": null,
    "addWidgetsdone": false,
    "allboxes": [],
    "android": {
        "psp": {
            "windowSoftInputMode": 2
        }
    },
    "canUpdateUI": true,
    "canvasWidth": 1400,
    "children": [
        "flxEmployeeInfo",
        "flxMenu11",
        "btnAckEmpAdd",
        "flxsuccess",
        "flxfailure"
    ],
    "containerweight": 100,
    "currentLocale": "default",
    "desktopweb": {
        "needAppMenu": false
    },
    "device": "desktopweb",
    "displayorientation": 1,
    "enabledforidletimeout": false,
    "footer": "frmAddEmployee_footer",
    "footersId": "c77c9c2cfd034cfa814ceeb53c8d5fb8",
    "header": "frmAddEmployee_header",
    "headersId": "ff5c142cc320495fb72bfa457d7535ed",
    "id": "frmAddEmployee",
    "ide_init": "AS_Form_id8bc9834da347c5bcc6f8354ceeec5b",
    "ide_postShow": "AS_Form_f83fa024e35c45a09ab0c81da340b4e4",
    "ide_preShow": "AS_Form_ff91cb4685dd4eed96d555a9966074c0",
    "info": null,
    "initdone": false,
    "inputaccessoryviewtype": 4,
    "invokedProperty": "headers",
    "ipad": {
        "psp": {
            "inputAccessoryViewType": 4
        }
    },
    "iphone": {
        "psp": {
            "inputAccessoryViewType": 4
        }
    },
    "isvisible": true,
    "kuid": "dcf234c604d24d41b69bb5c7c64c667e",
    "layouttype": 2,
    "name": "kony.ui.Form2",
    "needappmenu": true,
    "paddinginpixel": false,
    "platform": "desktopweb",
    "prevDevice": "desktopweb",
    "prevPlatform": "desktopweb",
    "retainscrollposition": false,
    "shellCSS": "desktop",
    "snapgridsize": 10,
    "snaptogrid": true,
    "titleBarSkin": "s52db23d863d42d7905935308cfa3d9d",
    "titlebar": true,
    "type": 3,
    "wType": "Form"
}