{
    "@class": "com.kony.gen.viz.model.component.KVizImage2",
    "DNDConfig": null,
    "__parentReadjusting__": false,
    "_base64_": null,
    "_height_": {
        "type": "string",
        "value": "30px"
    },
    "_left_": {
        "type": "string",
        "value": "27.57%"
    },
    "_margin_": [
        0,
        0,
        0,
        0
    ],
    "_padding_": [
        0,
        0,
        0,
        0
    ],
    "_skin_": "s693ac7dd1064e47b8a93bc38ee345a3",
    "_src_": "checkboxnoselect.png",
    "_top_": {
        "type": "string",
        "value": "16.67%"
    },
    "_width_": {
        "type": "string",
        "value": "29px"
    },
    "canUpdateUI": true,
    "containerweight": 100,
    "context": {
        "channel": "desktop",
        "formID": "frmAddEmployee",
        "platform": "desktopweb",
        "templateType": "forms",
        "topLevelBox": null
    },
    "id": "imgChMs",
    "ide_onTouchStart": "AS_Image_gf1a20596a8245f6ae5d950c9bcf27eb",
    "imagescalemode": 1,
    "info": null,
    "isvisible": true,
    "kuid": "f8608c331b0d4f0ebb69f83c57e9a2dd",
    "name": "kony.ui.Image2",
    "parent": "flxMs",
    "pf": "frmAddEmployee",
    "srcType": 1,
    "wType": "Image",
    "widgetalignment": 5,
    "zindex": 1
}