{
    "@class": "com.kony.gen.viz.model.component.KVizImage2",
    "DNDConfig": null,
    "__parentReadjusting__": false,
    "_base64_": null,
    "_height_": {
        "type": "string",
        "value": "30px"
    },
    "_left_": {
        "type": "string",
        "value": "25.55%"
    },
    "_margin_": [
        0,
        0,
        0,
        0
    ],
    "_padding_": [
        0,
        0,
        0,
        0
    ],
    "_skin_": "s27c4c6d4ba34696ba74101d84383a45",
    "_src_": "checkboxgreenfill.png",
    "_top_": {
        "type": "string",
        "value": "16.67%"
    },
    "_width_": {
        "type": "string",
        "value": "29px"
    },
    "canUpdateUI": true,
    "containerweight": 100,
    "context": {
        "channel": "desktop",
        "formID": "frmAddEmployee",
        "platform": "desktopweb",
        "templateType": "forms",
        "topLevelBox": null
    },
    "id": "imgMrChecked",
    "ide_onTouchStart": "AS_Image_a90f2466f13348568943598bbcb0f118",
    "imagescalemode": 1,
    "info": null,
    "invokedProperty": "src",
    "isvisible": true,
    "kuid": "a95fea2204814e39b405a66c70d90631",
    "name": "kony.ui.Image2",
    "parent": "flxMr",
    "pf": "frmAddEmployee",
    "srcType": 1,
    "wType": "Image",
    "widgetalignment": 5,
    "zindex": 1
}