{
    "@class": "com.kony.gen.viz.model.component.KVizImage2",
    "DNDConfig": null,
    "__parentReadjusting__": false,
    "_base64_": null,
    "_height_": {
        "type": "string",
        "value": "30px"
    },
    "_left_": {
        "type": "string",
        "value": "27.57%"
    },
    "_margin_": [
        0,
        0,
        0,
        0
    ],
    "_padding_": [
        0,
        0,
        0,
        0
    ],
    "_skin_": "s693ac7dd1064e47b8a93bc38ee345a3",
    "_src_": "checkboxgreenfill.png",
    "_top_": {
        "type": "string",
        "value": "16.67%"
    },
    "_width_": {
        "type": "string",
        "value": "29px"
    },
    "canUpdateUI": true,
    "containerweight": 100,
    "context": {
        "channel": "desktop",
        "formID": "frmAddEmployee",
        "platform": "desktopweb",
        "templateType": "forms",
        "topLevelBox": null
    },
    "id": "imgMsChecked",
    "ide_onTouchStart": "AS_Image_f87a0757a79d467ca68dd7c7e7ebc924",
    "imagescalemode": 1,
    "info": null,
    "invokedProperty": "src",
    "isvisible": false,
    "kuid": "ee4448f541cf4dafba69380424b2b53e",
    "name": "kony.ui.Image2",
    "parent": "flxMs",
    "pf": "frmAddEmployee",
    "srcType": 1,
    "wType": "Image",
    "widgetalignment": 5,
    "zindex": 1
}