{
    "@class": "com.kony.gen.viz.model.component.KVizImage2",
    "DNDConfig": null,
    "__parentReadjusting__": false,
    "_base64_": null,
    "_height_": {
        "type": "string",
        "value": "30px"
    },
    "_left_": {
        "type": "string",
        "value": "10.57%"
    },
    "_margin_": [
        0,
        0,
        0,
        0
    ],
    "_padding_": [
        0,
        0,
        0,
        0
    ],
    "_skin_": "sb54f799ae48460395f99d32c977ebfe",
    "_src_": "mricon.png",
    "_top_": {
        "type": "string",
        "value": "18.57%"
    },
    "_width_": {
        "type": "string",
        "value": "29px"
    },
    "canUpdateUI": true,
    "containerweight": 100,
    "context": {
        "channel": "desktop",
        "formID": "frmAddEmployee",
        "platform": "desktopweb",
        "templateType": "forms",
        "topLevelBox": null
    },
    "id": "imgMr",
    "imagescalemode": 1,
    "info": null,
    "isvisible": true,
    "kuid": "i7788d76f6ca45aea9efb94810951353",
    "name": "kony.ui.Image2",
    "parent": "flxMr",
    "pf": "frmAddEmployee",
    "srcType": 1,
    "wType": "Image",
    "widgetalignment": 5,
    "zindex": 1
}