{
    "@class": "com.kony.gen.viz.model.component.KVizLabel",
    "DNDConfig": null,
    "__parentReadjusting__": false,
    "_height_": {
        "type": "ref",
        "value": "preferred"
    },
    "_margin_": [
        1,
        1,
        1,
        1
    ],
    "_padding_": [
        0,
        0,
        0,
        0
    ],
    "_skin_": "sb88cf66d8094a8697ff8985c23248b0",
    "_text_": "error occured during employee addition",
    "_width_": {
        "type": "string",
        "value": "90%"
    },
    "_wrapping_": 2,
    "android": {
        "textStyle": {
            "letterSpacing": 0,
            "strikeThrough": false
        }
    },
    "canUpdateUI": true,
    "centerx": {
        "type": "string",
        "value": "50%"
    },
    "centery": {
        "type": "string",
        "value": "35%"
    },
    "containerweight": 100,
    "contentalignment": 5,
    "id": "toastf",
    "info": null,
    "ipad": {
        "psp": {
            "wrapping": 2
        }
    },
    "iphone": {
        "psp": {
            "wrapping": 2
        }
    },
    "isvisible": true,
    "kuid": "cecfc6e20c5140749b82314ce404bfe7",
    "name": "kony.ui.Label",
    "parent": "Copyflxin0c6485318f52541",
    "pf": "frmAddEmployee",
    "tooltip": "",
    "wType": "Label",
    "zindex": 1
}