{
    "@class": "com.kony.gen.viz.model.component.KVizButton",
    "DNDConfig": null,
    "__parentReadjusting__": false,
    "_height_": {
        "type": "string",
        "value": "5%"
    },
    "_left_": {
        "type": "string",
        "value": "10.00%"
    },
    "_margin_": [
        6,
        6,
        6,
        6
    ],
    "_padding_": [
        0,
        0,
        0,
        0
    ],
    "_skin_": "sc9b4ad052514dc297639ab64a4f037a",
    "_text_": "Cancel",
    "_top_": {
        "type": "string",
        "value": "80.00%"
    },
    "_width_": {
        "type": "string",
        "value": "15%"
    },
    "canUpdateUI": true,
    "containerweight": 100,
    "contentalignment": 5,
    "displaytext": true,
    "focusskin": "scc3a3b7ef544b74a402b270dbf2c740",
    "id": "btnDaily",
    "ide_onClick": "AS_Button_i0caccedbafc42d4bebdbae4ca8bfb9a",
    "info": null,
    "isvisible": true,
    "kuid": "h1ac9df5a9fb4cf69a666caa4c3aed6a",
    "name": "kony.ui.Button",
    "parent": "flxVieReq",
    "pf": "frmViewReq",
    "wType": "Button",
    "zindex": 1
}