{
    "DNDConfig": null,
    "__parentReadjusting__": false,
    "_height_": {
        "type": "string",
        "value": "100%"
    },
    "_left_": {
        "type": "string",
        "value": "50%"
    },
    "_margin_": [
        0,
        0,
        0,
        0
    ],
    "_orientation_": 6,
    "_padding_": [
        0,
        0,
        0,
        0
    ],
    "_percent_": true,
    "_skin_": "sad2e54930914a0d92a34f5340de1b9e",
    "_top_": {
        "type": "number",
        "value": "0"
    },
    "_width_": {
        "type": "string",
        "value": "25%"
    },
    "allboxes": [],
    "autogrowmode": 0,
    "canUpdateUI": true,
    "children": [
        "lbl4"
    ],
    "clipbounds": true,
    "containerweight": 100,
    "enablescrolling": true,
    "id": "flxFour",
    "info": null,
    "isvisible": true,
    "kuid": "h50597fb2c36424e8b8efa21e57df41f",
    "layouttype": 2,
    "name": "kony.ui.FlexContainer",
    "parent": "outFlx",
    "pf": "frmViewReq",
    "snapgridsize": 10,
    "snaptogrid": true,
    "wType": "FlexContainer",
    "widgetalignment": 1,
    "zindex": 1
}