{
    "@class": "com.kony.gen.viz.model.container.KVizScrollFlexForm",
    "DNDConfig": null,
    "_margin_": [
        0,
        0,
        0,
        0
    ],
    "_orientation_": 1,
    "_padding_": [
        0,
        0,
        0,
        0
    ],
    "_percent_": true,
    "_skin_": "s7b0720f74854137b1ed2ba552c5eda9",
    "_title_": null,
    "addWidgetsdone": false,
    "allboxes": [],
    "android": {
        "psp": {
            "windowSoftInputMode": 2
        }
    },
    "canUpdateUI": true,
    "canvasWidth": 1400,
    "children": [
        "flxVieReq"
    ],
    "containerweight": 100,
    "currentLocale": "default",
    "desktopweb": {
        "needAppMenu": false
    },
    "device": "desktopweb",
    "displayorientation": 1,
    "enabledforidletimeout": false,
    "footer": "frmViewReq_footer",
    "footersId": "c77c9c2cfd034cfa814ceeb53c8d5fb8",
    "header": "frmViewReq_header",
    "headersId": "ff5c142cc320495fb72bfa457d7535ed",
    "id": "frmViewReq",
    "ide_postShow": "AS_Form_e736dd7a72a04283a77d7daec4791482",
    "info": null,
    "initdone": false,
    "inputaccessoryviewtype": 4,
    "invokedProperty": "footers",
    "ipad": {
        "psp": {
            "inputAccessoryViewType": 4
        }
    },
    "iphone": {
        "psp": {
            "inputAccessoryViewType": 4
        }
    },
    "isvisible": true,
    "kuid": "c663eca2124e4c3d893fbc03f32b3900",
    "layouttype": 2,
    "name": "kony.ui.Form2",
    "needappmenu": true,
    "paddinginpixel": false,
    "platform": "desktopweb",
    "prevDevice": "desktopweb",
    "prevPlatform": "desktopweb",
    "retainscrollposition": false,
    "shellCSS": "desktop",
    "snapgridsize": 10,
    "snaptogrid": true,
    "titleBarSkin": "s52db23d863d42d7905935308cfa3d9d",
    "titlebar": true,
    "type": 3,
    "wType": "Form"
}