{
    "DNDConfig": null,
    "__parentReadjusting__": false,
    "_height_": {
        "type": "string",
        "value": "10%"
    },
    "_left_": {
        "type": "string",
        "value": "10%"
    },
    "_margin_": [
        0,
        0,
        0,
        0
    ],
    "_orientation_": 6,
    "_padding_": [
        0,
        0,
        0,
        0
    ],
    "_percent_": true,
    "_skin_": "sed359eadd994a1ca1822b55f38351ca",
    "_top_": {
        "type": "string",
        "value": "13%"
    },
    "_width_": {
        "type": "string",
        "value": "80.12%"
    },
    "allboxes": [],
    "autogrowmode": 0,
    "canUpdateUI": true,
    "children": [
        "flxOne",
        "flxTwo",
        "flxFour",
        "flxFive"
    ],
    "clipbounds": true,
    "containerweight": 100,
    "defaultunit": 3,
    "enablescrolling": true,
    "id": "outFlx",
    "info": null,
    "isTemplate": true,
    "isvisible": true,
    "kuid": "d242e5cad8c7471a90f0d30508ade858",
    "layouttype": 2,
    "masterType": 1,
    "name": "kony.ui.FlexContainer",
    "parent": "flxVieReq",
    "pf": "frmViewReq",
    "snapgridsize": 10,
    "snaptogrid": true,
    "wType": "FlexContainer",
    "widgetalignment": 1
}