{
    "@class": "com.kony.gen.viz.model.component.KVizButton",
    "DNDConfig": null,
    "__parentReadjusting__": false,
    "_height_": {
        "type": "string",
        "value": "4%"
    },
    "_left_": {
        "type": "string",
        "value": "557dp"
    },
    "_margin_": [
        6,
        6,
        6,
        6
    ],
    "_padding_": [
        0,
        0,
        0,
        0
    ],
    "_skin_": "s1c95a0dcddd423aab9594ebab897628",
    "_text_": "Submit",
    "_top_": {
        "type": "string",
        "value": "40%"
    },
    "_width_": {
        "type": "string",
        "value": "260dp"
    },
    "canUpdateUI": true,
    "centerx": {
        "type": "string",
        "value": "70%"
    },
    "containerweight": 100,
    "contentalignment": 5,
    "displaytext": true,
    "focusskin": "s390c89fe9ad47dd9e451770ecc943a4",
    "id": "btnEmpInfoSubmit",
    "ide_onClick": "AS_Button_cb33530de5f743db9dbc060e8ab72608",
    "info": null,
    "isvisible": true,
    "kuid": "h7f0812ecfb644c4b8786fe75f8571df",
    "name": "kony.ui.Button",
    "parent": "flxEmployeeInfo",
    "pf": "frmDeleteEmployee",
    "wType": "Button",
    "zindex": 1
}