{
    "@class": "com.kony.gen.viz.model.component.KVizButton",
    "DNDConfig": null,
    "__parentReadjusting__": false,
    "_height_": {
        "type": "string",
        "value": "4%"
    },
    "_left_": {
        "type": "string",
        "value": "557dp"
    },
    "_margin_": [
        6,
        6,
        6,
        6
    ],
    "_padding_": [
        0,
        0,
        0,
        0
    ],
    "_skin_": "s3619eb94aae4969abb02680c80bd021",
    "_text_": "Cancel",
    "_top_": {
        "type": "string",
        "value": "40%"
    },
    "_width_": {
        "type": "string",
        "value": "260dp"
    },
    "canUpdateUI": true,
    "centerx": {
        "type": "string",
        "value": "50%"
    },
    "containerweight": 100,
    "contentalignment": 5,
    "displaytext": true,
    "focusskin": "s596232f8d394337ae5fbe875d576557",
    "id": "btnEmpINfoCancel",
    "ide_onClick": "AS_Button_ebf55ee06afe4c63907da7d9de2737fa",
    "info": null,
    "isvisible": true,
    "kuid": "f9b7e40b108c488181483fe9e952ba9f",
    "name": "kony.ui.Button",
    "parent": "flxEmployeeInfo",
    "pf": "frmDeleteEmployee",
    "wType": "Button",
    "zindex": 1
}