{
    "@class": "com.kony.gen.viz.model.component.KVizButton",
    "DNDConfig": null,
    "__markedForDelete__": true,
    "__parentReadjusting__": false,
    "_height_": {
        "type": "string",
        "value": "8%"
    },
    "_left_": {
        "type": "string",
        "value": "5%"
    },
    "_margin_": [
        6,
        6,
        6,
        6
    ],
    "_padding_": [
        0,
        0,
        0,
        0
    ],
    "_skin_": "s860e54f9708413baed96d10f4bb98de",
    "_text_": "Change Password",
    "_top_": {
        "type": "string",
        "value": "80%"
    },
    "_width_": {
        "type": "string",
        "value": "90%"
    },
    "canUpdateUI": true,
    "containerweight": 100,
    "contentalignment": 5,
    "displaytext": true,
    "focusskin": "s4e60f025bcc47ed9d156541ffd1d299",
    "id": "btnForgot",
    "ide_onClick": "AS_Button_d74d5edb043843ee9e5227513d048d68",
    "info": null,
    "isvisible": true,
    "kuid": "ed27f0901e10408e8ce320c01ced33c0",
    "name": "kony.ui.Button",
    "parent": "flxLogin",
    "pf": "frmLogin",
    "wType": "Button",
    "zindex": 1
}