{
    "@class": "com.kony.gen.viz.model.component.KVizButton",
    "DNDConfig": null,
    "__markedForDelete__": true,
    "__parentReadjusting__": false,
    "_height_": {
        "type": "string",
        "value": "10%"
    },
    "_left_": {
        "type": "string",
        "value": "5%"
    },
    "_margin_": [
        6,
        6,
        6,
        6
    ],
    "_padding_": [
        0,
        0,
        0,
        0
    ],
    "_skin_": "s7af48509d764628a7b1c8d2a961991d",
    "_text_": "Cancel",
    "_top_": {
        "type": "string",
        "value": "80%"
    },
    "_width_": {
        "type": "string",
        "value": "90%"
    },
    "canUpdateUI": true,
    "containerweight": 100,
    "contentalignment": 5,
    "displaytext": true,
    "focusskin": "s4e60f025bcc47ed9d156541ffd1d299",
    "id": "CopybtnForgot0g98a6bfdc82d42",
    "ide_onClick": "AS_Button_b0214c85b3294d5eb9ff25dc7fc7f073",
    "info": null,
    "isvisible": true,
    "kuid": "c20e94c6b581417d8a1135b2ecb388b2",
    "name": "kony.ui.Button",
    "parent": "flxForgot",
    "pf": "frmLogin",
    "wType": "Button",
    "zindex": 1
}