{
    "DNDConfig": null,
    "__parentReadjusting__": false,
    "_height_": {
        "type": "string",
        "value": "40%"
    },
    "_left_": {
        "type": "string",
        "value": "40%"
    },
    "_margin_": [
        0,
        0,
        0,
        0
    ],
    "_orientation_": 6,
    "_padding_": [
        0,
        0,
        0,
        0
    ],
    "_percent_": true,
    "_skin_": "s69f1eca5763485cbd4c0654acd3fb07",
    "_top_": {
        "type": "string",
        "value": "20%"
    },
    "_width_": {
        "type": "string",
        "value": "20%"
    },
    "allboxes": [],
    "autogrowmode": 0,
    "canUpdateUI": true,
    "children": [
        "lbluser",
        "lblpass",
        "lblpass1",
        "CopybtnForgot0g98a6bfdc82d42",
        "CopybtnForgot0f385e7833ca644"
    ],
    "clipbounds": true,
    "containerweight": 100,
    "enablescrolling": true,
    "id": "flxForgot",
    "info": null,
    "isvisible": false,
    "kuid": "b94a604f399d454cb1d0e31517708775",
    "layouttype": 2,
    "name": "kony.ui.FlexContainer",
    "parent": "frmLogin",
    "pf": "frmLogin",
    "snapgridsize": 10,
    "snaptogrid": true,
    "wType": "FlexContainer",
    "widgetalignment": 1,
    "zindex": 1
}