{
    "@class": "com.kony.gen.viz.model.component.KVizTextBox2",
    "DNDConfig": null,
    "__parentReadjusting__": false,
    "_height_": {
        "type": "string",
        "value": "40dp"
    },
    "_left_": {
        "type": "string",
        "value": "5%"
    },
    "_margin_": [
        0,
        0,
        0,
        0
    ],
    "_padding_": [
        3,
        0,
        0,
        0
    ],
    "_placeholder_": "Password",
    "_skin_": "s9401b74492a4e51a9a344d5f40a8e15",
    "_text_": "",
    "_top_": {
        "type": "string",
        "value": "23dp"
    },
    "_width_": {
        "type": "string",
        "value": "90%"
    },
    "autocapitalize": "none",
    "autocomplete": false,
    "autocorrect": false,
    "autofilter": false,
    "canUpdateUI": true,
    "centery": {
        "type": "string",
        "value": "50%"
    },
    "containerheight": "",
    "containerheightmode": 1,
    "containerweight": 100,
    "contentalignment": 4,
    "id": "CopyTextField0d0e8d25c048648",
    "info": null,
    "isvisible": true,
    "keyboardtype": "A",
    "kuid": "a038915ecad84d6e97ff50598e311574",
    "mode": "A",
    "name": "kony.ui.TextBox2",
    "parent": "CopyFlexContainer0fe992101456e48",
    "pf": "frmStart",
    "securetextentry": false,
    "textinputmode": "A",
    "viewtype": "default",
    "wType": "TextField",
    "zindex": 1
}