{
    "DNDConfig": null,
    "__parentReadjusting__": false,
    "_height_": {
        "type": "string",
        "value": "100%"
    },
    "_left_": {
        "type": "string",
        "value": "15%"
    },
    "_margin_": [
        0,
        0,
        0,
        0
    ],
    "_orientation_": 6,
    "_padding_": [
        0,
        0,
        0,
        0
    ],
    "_percent_": true,
    "_skin_": "s44c45f5192e48b29cc1f7227a3772d8",
    "_top_": {
        "type": "string",
        "value": "0dp"
    },
    "_width_": {
        "type": "string",
        "value": "80%"
    },
    "allboxes": [],
    "autogrowmode": 0,
    "canUpdateUI": true,
    "children": [
        "FlexContainer0g8b92826e29041",
        "FlexContainer0c290adf8204540",
        "CopyFlexContainer0fe992101456e48",
        "Button0i9f794b43b054c"
    ],
    "clipbounds": true,
    "containerweight": 100,
    "enablescrolling": true,
    "id": "FlexContainer0de17fda66c414b",
    "info": null,
    "isvisible": true,
    "kuid": "e416000b3d374f45abfbb592394286f6",
    "layouttype": 2,
    "name": "kony.ui.FlexContainer",
    "parent": "flxMainLogin",
    "pf": "frmStart",
    "snapgridsize": 10,
    "snaptogrid": true,
    "wType": "FlexContainer",
    "widgetalignment": 1,
    "zindex": 1
}