{
    "DNDConfig": null,
    "__parentReadjusting__": false,
    "_height_": {
        "type": "string",
        "value": "50%"
    },
    "_left_": {
        "type": "string",
        "value": "30%"
    },
    "_margin_": [
        0,
        0,
        0,
        0
    ],
    "_orientation_": 6,
    "_padding_": [
        0,
        0,
        0,
        0
    ],
    "_percent_": true,
    "_skin_": "s68b697f6eaf43ff8611c2f66b3d6428",
    "_top_": {
        "type": "string",
        "value": "25%"
    },
    "_width_": {
        "type": "string",
        "value": "40%"
    },
    "allboxes": [],
    "autogrowmode": 0,
    "canUpdateUI": true,
    "children": [
        "flxLoginIcon",
        "FlexContainer0de17fda66c414b"
    ],
    "clipbounds": true,
    "containerweight": 100,
    "enablescrolling": true,
    "id": "flxMainLogin",
    "info": null,
    "isvisible": true,
    "kuid": "a8b7a38b72264371a03f33542a9cb1c8",
    "layouttype": 2,
    "name": "kony.ui.FlexContainer",
    "parent": "frmStart",
    "pf": "frmStart",
    "snapgridsize": 10,
    "snaptogrid": true,
    "wType": "FlexContainer",
    "widgetalignment": 1,
    "zindex": 1
}