{
    "@class": "com.kony.gen.viz.model.component.KVizTextBox2",
    "DNDConfig": null,
    "__parentReadjusting__": false,
    "_height_": {
        "type": "string",
        "value": "40dp"
    },
    "_left_": {
        "type": "string",
        "value": "5%"
    },
    "_margin_": [
        0,
        0,
        0,
        0
    ],
    "_padding_": [
        3,
        0,
        0,
        0
    ],
    "_placeholder_": "Email",
    "_skin_": "sf9d32e0f58341d296f5c9fdb281d5d8",
    "_text_": "",
    "_top_": {
        "type": "string",
        "value": "23dp"
    },
    "_width_": {
        "type": "string",
        "value": "90%"
    },
    "autocapitalize": "none",
    "autocomplete": false,
    "autocorrect": false,
    "autofilter": false,
    "canUpdateUI": true,
    "centery": {
        "type": "string",
        "value": "50%"
    },
    "containerheight": "",
    "containerheightmode": 1,
    "containerweight": 100,
    "contentalignment": 4,
    "id": "TextField0e7c304ded5b348",
    "info": null,
    "isvisible": true,
    "keyboardtype": "A",
    "kuid": "i31ac3e00e4a44fc891fe8f9e2003226",
    "mode": "A",
    "name": "kony.ui.TextBox2",
    "parent": "FlexContainer0c290adf8204540",
    "pf": "frmStart",
    "securetextentry": false,
    "textinputmode": "A",
    "viewtype": "default",
    "wType": "TextField",
    "zindex": 1
}