{
    "@class": "com.kony.gen.viz.model.component.KVizButton",
    "DNDConfig": null,
    "__markedForDelete__": true,
    "__parentReadjusting__": false,
    "_height_": {
        "type": "string",
        "value": "8%"
    },
    "_left_": {
        "type": "string",
        "value": "5%"
    },
    "_margin_": [
        6,
        6,
        6,
        6
    ],
    "_padding_": [
        0,
        0,
        0,
        0
    ],
    "_skin_": "s9c78a05dcbe48c481ae858add67dbbc",
    "_text_": "Sign in",
    "_top_": {
        "type": "string",
        "value": "70%"
    },
    "_width_": {
        "type": "string",
        "value": "90%"
    },
    "canUpdateUI": true,
    "containerweight": 100,
    "contentalignment": 5,
    "displaytext": true,
    "focusskin": "s587493a9f244e938b609a96bb20ab0e",
    "id": "btnLogin",
    "ide_onClick": "AS_Button_e83acf6b16fa439792d4ff183f0c17a4",
    "info": null,
    "isvisible": true,
    "kuid": "d5cc18916542458ba05e4c68fe192275",
    "name": "kony.ui.Button",
    "parent": "flxLogin",
    "pf": "frmLogin",
    "wType": "Button",
    "zindex": 1
}