{
    "@class": "com.kony.gen.viz.model.component.KVizButton",
    "DNDConfig": null,
    "__markedForDelete__": true,
    "__parentReadjusting__": false,
    "_height_": {
        "type": "string",
        "value": "10%"
    },
    "_left_": {
        "type": "string",
        "value": "5%"
    },
    "_margin_": [
        6,
        6,
        6,
        6
    ],
    "_padding_": [
        0,
        0,
        0,
        0
    ],
    "_skin_": "s860e54f9708413baed96d10f4bb98de",
    "_text_": "Change",
    "_top_": {
        "type": "string",
        "value": "65%"
    },
    "_width_": {
        "type": "string",
        "value": "90%"
    },
    "canUpdateUI": true,
    "containerweight": 100,
    "contentalignment": 5,
    "displaytext": true,
    "focusskin": "s4e60f025bcc47ed9d156541ffd1d299",
    "id": "CopybtnForgot0f385e7833ca644",
    "ide_onClick": "AS_Button_h4c213b4aa3d434b88df45fafdce6b81",
    "info": null,
    "isvisible": true,
    "kuid": "e6f175a9da0741a3bc86197545f667aa",
    "name": "kony.ui.Button",
    "parent": "flxForgot",
    "pf": "frmLogin",
    "wType": "Button",
    "zindex": 1
}