{
    "DNDConfig": null,
    "__parentReadjusting__": false,
    "_height_": {
        "type": "string",
        "value": "60%"
    },
    "_left_": {
        "type": "string",
        "value": "0dp"
    },
    "_margin_": [
        0,
        0,
        0,
        0
    ],
    "_orientation_": 6,
    "_padding_": [
        0,
        0,
        0,
        0
    ],
    "_percent_": true,
    "_skin_": "s930bc17f5c84282afd8af8625f764e3",
    "_top_": {
        "type": "string",
        "value": "5%"
    },
    "_width_": {
        "type": "string",
        "value": "22%"
    },
    "allboxes": [],
    "autogrowmode": 0,
    "canUpdateUI": true,
    "centerx": {
        "type": "string",
        "value": "50%"
    },
    "children": [
        "imgKonyLogo",
        "flxUsername",
        "flxPassword",
        "Image0dbc1bf66340345",
        "CopyImage0daf5cb58b95242",
        "lblForgotPwd",
        "btnLogin",
        "btnForgot"
    ],
    "clipbounds": true,
    "containerweight": 100,
    "enablescrolling": true,
    "id": "flxLogin",
    "info": null,
    "isvisible": true,
    "kuid": "ecc26314a7164972826d8cf652db4190",
    "layouttype": 2,
    "name": "kony.ui.FlexContainer",
    "parent": "frmLogin",
    "pf": "frmLogin",
    "snapgridsize": 10,
    "snaptogrid": true,
    "wType": "FlexContainer",
    "widgetalignment": 1,
    "zindex": 1
}