{
    "@class": "com.kony.gen.viz.model.component.KVizButton",
    "DNDConfig": null,
    "__parentReadjusting__": false,
    "_height_": {
        "type": "string",
        "value": "70%"
    },
    "_margin_": [
        6,
        6,
        6,
        6
    ],
    "_padding_": [
        0,
        0,
        0,
        0
    ],
    "_right_": {
        "type": "string",
        "value": "5%"
    },
    "_skin_": "sbd5557a0cc44cf5be3b06a25d5c88c8",
    "_text_": "",
    "_top_": {
        "type": "string",
        "value": "15%"
    },
    "_width_": {
        "type": "string",
        "value": "5%"
    },
    "canUpdateUI": true,
    "containerweight": 100,
    "contentalignment": 5,
    "displaytext": true,
    "focusskin": "sf309415f06646608f28bf589b627989",
    "id": "btncal",
    "ide_onClick": "AS_Button_df1ddc211bb14113b2d7f2c4252a87bb",
    "info": null,
    "isvisible": true,
    "kuid": "e57ccc2060664b0db931926499bf76b8",
    "name": "kony.ui.Button",
    "parent": "CopyFlexContainer0dc94f6cddc9f45",
    "pf": "frmDashboard",
    "wType": "Button",
    "zindex": 1
}