{
    "DNDConfig": null,
    "__parentReadjusting__": false,
    "_height_": {
        "type": "string",
        "value": "100%"
    },
    "_left_": {
        "type": "string",
        "value": "0%"
    },
    "_margin_": [
        0,
        0,
        0,
        0
    ],
    "_orientation_": 6,
    "_padding_": [
        0,
        0,
        0,
        0
    ],
    "_percent_": true,
    "_skin_": "s68b697f6eaf43ff8611c2f66b3d6428",
    "_top_": {
        "type": "string",
        "value": "0%"
    },
    "_width_": {
        "type": "string",
        "value": "100%"
    },
    "allboxes": [],
    "autogrowmode": 0,
    "canUpdateUI": true,
    "children": [
        "durationTab",
        "flxcalender",
        "CopyFlexContainer0dc94f6cddc9f45"
    ],
    "clipbounds": true,
    "containerweight": 100,
    "defaultunit": 3,
    "enablescrolling": true,
    "id": "flxscreen",
    "info": null,
    "isvisible": true,
    "kuid": "ab5781185a6c483a968cb3b9d5ad8336",
    "layouttype": 2,
    "name": "kony.ui.FlexContainer",
    "parent": "frmDashboard",
    "pf": "frmDashboard",
    "snapgridsize": 10,
    "snaptogrid": true,
    "wType": "FlexContainer",
    "widgetalignment": 1,
    "zindex": 1
}