{
    "@class": "com.kony.gen.viz.model.component.KVizButton",
    "DNDConfig": null,
    "__parentReadjusting__": false,
    "_height_": {
        "type": "string",
        "value": "5%"
    },
    "_left_": {
        "type": "string",
        "value": "20%"
    },
    "_margin_": [
        6,
        6,
        6,
        6
    ],
    "_padding_": [
        0,
        0,
        0,
        0
    ],
    "_skin_": "sc9b4ad052514dc297639ab64a4f037a",
    "_text_": "Cancel",
    "_top_": {
        "type": "string",
        "value": "60%"
    },
    "_width_": {
        "type": "string",
        "value": "20%"
    },
    "canUpdateUI": true,
    "containerweight": 100,
    "contentalignment": 5,
    "displaytext": true,
    "focusskin": "scc3a3b7ef544b74a402b270dbf2c740",
    "id": "btnDaily",
    "ide_onClick": "AS_Button_b60632875060490d82365fdb3b0c23ac",
    "info": null,
    "isvisible": true,
    "kuid": "j5097c7231f747faa84eab0bc18b3464",
    "name": "kony.ui.Button",
    "parent": "flxLogin",
    "pf": "frmRequest",
    "wType": "Button",
    "zindex": 1
}