{
    "DNDConfig": null,
    "__parentReadjusting__": false,
    "_height_": {
        "type": "string",
        "value": "70%"
    },
    "_left_": {
        "type": "string",
        "value": "214dp"
    },
    "_margin_": [
        0,
        0,
        0,
        0
    ],
    "_orientation_": 6,
    "_padding_": [
        0,
        0,
        0,
        0
    ],
    "_percent_": true,
    "_skin_": "s84783b6d05a4005b144d51fda7f5364",
    "_top_": {
        "type": "string",
        "value": "133dp"
    },
    "_width_": {
        "type": "string",
        "value": "44.29%"
    },
    "allboxes": [],
    "autogrowmode": 0,
    "canUpdateUI": true,
    "centerx": {
        "type": "string",
        "value": "50%"
    },
    "centery": {
        "type": "string",
        "value": "50%"
    },
    "children": [
        "fromDate",
        "lblOne",
        "reqShift",
        "lblThree",
        "lblFour",
        "hdng",
        "btnDaily",
        "CopybtnDaily0e5f6a1e402384c",
        "note",
        "lblshiftname"
    ],
    "clipbounds": true,
    "containerweight": 100,
    "defaultunit": 3,
    "enablescrolling": true,
    "id": "flxLogin",
    "info": null,
    "isvisible": true,
    "kuid": "b8c46e18d5534ebc804f759bdecfb8fb",
    "layouttype": 2,
    "masterType": 1,
    "name": "kony.ui.FlexContainer",
    "parent": "frmRequest",
    "pf": "frmRequest",
    "snapgridsize": 10,
    "snaptogrid": true,
    "wType": "FlexContainer",
    "widgetalignment": 1,
    "zindex": 1
}