{
    "@class": "com.kony.gen.viz.model.component.KVizDateField",
    "DNDConfig": null,
    "Image": "calbtn.png",
    "__id": "frmRequest_fromDate",
    "__input": "fromDate",
    "__parentReadjusting__": false,
    "_data_": null,
    "_date_": [
        "12",
        "5",
        "2017"
    ],
    "_height_": {
        "type": "string",
        "value": "40dp"
    },
    "_left_": {
        "type": "string",
        "value": "50.00%"
    },
    "_margin_": [
        0,
        0,
        0,
        0
    ],
    "_padding_": [
        0,
        0,
        0,
        0
    ],
    "_skin_": "s37f03c0f1784aa381e5dfacab589156",
    "_startG": [
        0,
        "5",
        "2017"
    ],
    "_top_": {
        "type": "string",
        "value": "13.80%"
    },
    "_width_": {
        "type": "string",
        "value": "40%"
    },
    "advview": "default",
    "calendaricon": "calbtn.png",
    "canUpdateUI": true,
    "containerweight": 100,
    "contentalignment": 5,
    "datecomponents": [
        "12",
        "5",
        "2017"
    ],
    "dateeditable": true,
    "dateformat": "dd/MM/yyyy",
    "datesGroup": [],
    "datesState": 0,
    "day": "12",
    "daytextalignmentincell": 5,
    "displayedMonths": [
        5,
        2017
    ],
    "entereddate": [
        "12",
        "5",
        "2017",
        0,
        0,
        0
    ],
    "format": "dd/MM/yyyy",
    "formatteddate": "12/05/2017",
    "hidedaysheader": false,
    "hidemonthsheader": false,
    "hour": 16,
    "id": "fromDate",
    "info": null,
    "isvisible": true,
    "kuid": "g59dc3e8bae4443696295a9da4bc46d7",
    "masterType": 1,
    "minutes": 10,
    "month": "5",
    "monthsinrow": 3,
    "name": "kony.ui.Calendar",
    "navigatorAlert": "Invalid Selection",
    "noofmonths": 1,
    "pagedate": "/2017",
    "parent": "flxLogin",
    "pf": "frmRequest",
    "popupHeight": "auto",
    "popupWidth": "auto",
    "seconds": 42,
    "selectdate": "//2017",
    "startDay": 0,
    "viewtype": "default",
    "wType": "Calendar",
    "widgetalignment": 5,
    "widths": [
        "14.2857%;",
        "14.2857%;",
        "14.2857%;",
        "14.2857%;",
        "14.2857%;",
        "14.2857%;",
        "14.2857%;"
    ],
    "year": "2017",
    "zindex": 1
}