{
    "@class": "com.kony.gen.viz.model.component.KVizListBox",
    "DNDConfig": null,
    "__parentReadjusting__": false,
    "_height_": {
        "type": "string",
        "value": "40dp"
    },
    "_left_": {
        "type": "string",
        "value": "60.00%"
    },
    "_margin_": [
        0,
        0,
        0,
        0
    ],
    "_padding_": [
        0,
        0,
        0,
        0
    ],
    "_skin_": "s806d0171bc74466aed3c3ca022346b7",
    "_top_": {
        "type": "string",
        "value": "33.89%"
    },
    "_width_": {
        "type": "string",
        "value": "30%"
    },
    "canUpdateUI": true,
    "containerweight": 100,
    "contentalignment": 4,
    "context": {
        "channel": "desktop",
        "formID": "frmRequest",
        "platform": "desktopweb",
        "templateType": "forms",
        "topLevelBox": null
    },
    "groupcells": false,
    "id": "reqShift",
    "info": null,
    "isvisible": true,
    "kuid": "eb0bf06ef73441188d90ce284c13b74b",
    "masterType": 1,
    "masterdata": [
        [
            "S1",
            "S1"
        ],
        [
            "S2",
            "S2"
        ],
        [
            "S3",
            "S3"
        ],
        [
            "G",
            "G"
        ],
        [
            "S1WF1",
            "S1WF1"
        ],
        [
            "S2WF1",
            "S2WF1"
        ],
        [
            "GWF1",
            "GWF1"
        ],
        [
            "S1WF2",
            "S1WF2"
        ],
        [
            "S2WF2",
            "S2WF2"
        ],
        [
            "GWF2",
            "GWF2"
        ]
    ],
    "name": "kony.ui.ListBox",
    "parent": "flxLogin",
    "pf": "frmRequest",
    "selectedkeys": null,
    "selectedkeyvalue": null,
    "selectedkeyvalues": null,
    "size": 18,
    "viewconfig": {
        "toggleViewConfig": {
            "viewStyle": 0
        }
    },
    "viewtype": 0,
    "wType": "ListBox",
    "zindex": 1
}