{
    "@class": "com.kony.gen.viz.model.component.KVizButton",
    "DNDConfig": null,
    "__parentReadjusting__": false,
    "_height_": {
        "type": "string",
        "value": "50dp"
    },
    "_left_": {
        "type": "string",
        "value": "557dp"
    },
    "_margin_": [
        6,
        6,
        6,
        6
    ],
    "_padding_": [
        0,
        0,
        0,
        0
    ],
    "_skin_": "s1c95a0dcddd423aab9594ebab897628",
    "_text_": "Submit",
    "_top_": {
        "type": "string",
        "value": "82.78%"
    },
    "_width_": {
        "type": "string",
        "value": "260dp"
    },
    "canUpdateUI": true,
    "centerx": {
        "type": "string",
        "value": "75%"
    },
    "containerweight": 100,
    "contentalignment": 5,
    "displaytext": true,
    "focusskin": "s212956aef474fa19926de76893453c0",
    "id": "btnEmpInfoSubmit",
    "ide_onClick": "AS_Button_hf10c8b8fb4e4450aead3fed50ef4c5e",
    "info": null,
    "isvisible": true,
    "kuid": "h8ac413a47c54958ad868212435abf6c",
    "name": "kony.ui.Button",
    "parent": "flxEmployeeInfo",
    "pf": "frmEmpUpdate",
    "wType": "Button",
    "zindex": 1
}