{
    "DNDConfig": null,
    "__parentReadjusting__": false,
    "_height_": {
        "type": "string",
        "value": "10%"
    },
    "_left_": {
        "type": "string",
        "value": "40%"
    },
    "_margin_": [
        0,
        0,
        0,
        0
    ],
    "_orientation_": 6,
    "_padding_": [
        0,
        0,
        0,
        0
    ],
    "_percent_": true,
    "_skin_": "s6a46edd68d24e9e98e8f06f2e3800f5",
    "_top_": {
        "type": "string",
        "value": "36%"
    },
    "_width_": {
        "type": "string",
        "value": "40%"
    },
    "allboxes": [],
    "autogrowmode": 0,
    "canUpdateUI": true,
    "centerx": {
        "type": "string",
        "value": "65%"
    },
    "children": [
        "tbxEmpDesg",
        "CopyImage0a67d1b38c00345"
    ],
    "clipbounds": true,
    "containerweight": 100,
    "enablescrolling": true,
    "id": "flxEmpDesg",
    "info": null,
    "isvisible": true,
    "kuid": "e39f072c16464700aacd751b348746b5",
    "layouttype": 2,
    "name": "kony.ui.FlexContainer",
    "parent": "flxEmployeeInfo",
    "pf": "frmEmpUpdate",
    "snapgridsize": 10,
    "snaptogrid": true,
    "wType": "FlexContainer",
    "widgetalignment": 1,
    "zindex": 1
}