{
    "@class": "com.kony.gen.viz.model.component.KVizLabel",
    "DNDConfig": null,
    "__parentReadjusting__": false,
    "_height_": {
        "type": "string",
        "value": "5%"
    },
    "_left_": {
        "type": "string",
        "value": "45%"
    },
    "_margin_": [
        1,
        1,
        1,
        1
    ],
    "_padding_": [
        0,
        0,
        0,
        0
    ],
    "_skin_": "s249bbdca887476eb764030f76f45c61",
    "_text_": "EMPLOYEE INFO",
    "_top_": {
        "type": "string",
        "value": "5%"
    },
    "_width_": {
        "type": "string",
        "value": "70%"
    },
    "_wrapping_": 2,
    "android": {
        "textStyle": {
            "letterSpacing": 0,
            "strikeThrough": false
        }
    },
    "canUpdateUI": true,
    "centerx": {
        "type": "string",
        "value": "65%"
    },
    "containerweight": 100,
    "contentalignment": 5,
    "id": "Label0g8ff5e9ff1db40",
    "info": null,
    "ipad": {
        "psp": {
            "wrapping": 2
        }
    },
    "iphone": {
        "psp": {
            "wrapping": 2
        }
    },
    "isvisible": true,
    "kuid": "f7e3cdcb7c2341838ab591c07e580b02",
    "name": "kony.ui.Label",
    "parent": "frmEmpUpdate",
    "pf": "frmEmpUpdate",
    "tooltip": "",
    "wType": "Label",
    "zindex": 1
}