{
    "@class": "com.kony.gen.viz.model.component.KVizLabel",
    "DNDConfig": null,
    "__parentReadjusting__": false,
    "_height_": {
        "type": "string",
        "value": "8%"
    },
    "_margin_": [
        1,
        1,
        1,
        1
    ],
    "_padding_": [
        0,
        0,
        0,
        0
    ],
    "_skin_": "se646a1daaef45bbb7757ed8ef39f4a3",
    "_text_": "Label",
    "_top_": {
        "type": "string",
        "value": "88%"
    },
    "_width_": {
        "type": "string",
        "value": "100%"
    },
    "_wrapping_": 2,
    "android": {
        "textStyle": {
            "letterSpacing": 0,
            "strikeThrough": false
        }
    },
    "canUpdateUI": true,
    "centerx": {
        "type": "string",
        "value": "50.00%"
    },
    "containerweight": 100,
    "contentalignment": 5,
    "id": "lblEmpDesignation",
    "info": null,
    "ipad": {
        "psp": {
            "wrapping": 2
        }
    },
    "iphone": {
        "psp": {
            "wrapping": 2
        }
    },
    "isvisible": true,
    "kuid": "i0a4745f409c404585ac7bdadcfe9a3f",
    "name": "kony.ui.Label",
    "parent": "flxDetails",
    "pf": "frmEmpUpdate",
    "tooltip": "",
    "wType": "Label",
    "zindex": 1
}