{
    "@class": "com.kony.gen.viz.model.component.KVizListBox",
    "DNDConfig": null,
    "__parentReadjusting__": false,
    "_height_": {
        "type": "string",
        "value": "40dp"
    },
    "_left_": {
        "type": "string",
        "value": "26.79%"
    },
    "_margin_": [
        0,
        0,
        0,
        0
    ],
    "_padding_": [
        0,
        0,
        0,
        0
    ],
    "_skin_": "sca9135092b544cc8b454013d59beae4",
    "_top_": {
        "type": "string",
        "value": "20%"
    },
    "_width_": {
        "type": "string",
        "value": "50%"
    },
    "canUpdateUI": true,
    "centerx": {
        "type": "string",
        "value": "50%"
    },
    "containerweight": 100,
    "contentalignment": 4,
    "context": {
        "channel": "desktop",
        "formID": "frmEmpUpdate",
        "ispercent": "",
        "platform": "desktopweb",
        "templateType": "forms",
        "topLevelBox": null
    },
    "groupcells": false,
    "id": "lstResource",
    "info": null,
    "isvisible": true,
    "kuid": "g2d095d06e5b40e8a2e0c9e577ca3089",
    "masterdata": [
        [
            "MADPE",
            "MADPE"
        ],
        [
            "MADPL",
            "MADPL"
        ],
        [
            "MFL",
            "MFL"
        ],
        [
            "MFE",
            "MFE"
        ],
        [
            "MGR",
            "MGR"
        ],
        [
            "BD",
            "BD"
        ],
        [
            "BDL",
            "BDL"
        ]
    ],
    "name": "kony.ui.ListBox",
    "parent": "flxEmpResourceType",
    "pf": "frmEmpUpdate",
    "selectedkeys": null,
    "selectedkeyvalue": null,
    "selectedkeyvalues": null,
    "size": 18,
    "viewconfig": {
        "toggleViewConfig": {
            "viewStyle": 0
        }
    },
    "viewtype": 0,
    "wType": "ListBox",
    "zindex": 1
}