{
    "@class": "com.kony.gen.viz.model.component.KVizTextArea2",
    "DNDConfig": null,
    "__parentReadjusting__": false,
    "_height_": {
        "type": "string",
        "value": "75%"
    },
    "_left_": {
        "type": "string",
        "value": "45%"
    },
    "_margin_": [
        2,
        2,
        2,
        2
    ],
    "_padding_": [
        2,
        2,
        2,
        2
    ],
    "_placeholder_": "Enter Address",
    "_skin_": "s970467a419645a49a3caeb1770f3954",
    "_text_": "",
    "_top_": {
        "type": "string",
        "value": "5%"
    },
    "_width_": {
        "type": "string",
        "value": "50%"
    },
    "autocapitalize": "none",
    "autocomplete": false,
    "autocorrect": false,
    "autofilter": false,
    "canUpdateUI": true,
    "centerx": {
        "type": "string",
        "value": "50%"
    },
    "closebuttontext": "",
    "containerheight": "",
    "containerheightmode": 1,
    "containerweight": 100,
    "contentalignment": 1,
    "id": "txtEmpAddress",
    "info": null,
    "isvisible": true,
    "keyboardstyle": "A",
    "keyboardtype": "A",
    "kuid": "i5e91f8dceea4b738122e717a7db58d4",
    "mode": "A",
    "name": "kony.ui.TextArea2",
    "numberofvisiblelines": 3,
    "parent": "flxEmpAddress",
    "pf": "frmEmpUpdate",
    "securetextentry": false,
    "showoprogressindicator": false,
    "showprogressindicator": false,
    "textinputmode": "A",
    "viewtype": "default",
    "wType": "TextArea",
    "zindex": 1
}