{
    "@class": "com.kony.gen.viz.model.component.KVizButton",
    "DNDConfig": null,
    "__markedForDelete__": true,
    "__parentReadjusting__": false,
    "_height_": {
        "type": "string",
        "value": "7%"
    },
    "_left_": {
        "type": "string",
        "value": "557dp"
    },
    "_margin_": [
        6,
        6,
        6,
        6
    ],
    "_padding_": [
        0,
        0,
        0,
        0
    ],
    "_skin_": "s3619eb94aae4969abb02680c80bd021",
    "_text_": "Clear",
    "_top_": {
        "type": "string",
        "value": "45%"
    },
    "_width_": {
        "type": "string",
        "value": "35%"
    },
    "canUpdateUI": true,
    "centerx": {
        "type": "string",
        "value": "33%"
    },
    "containerweight": 100,
    "contentalignment": 5,
    "displaytext": true,
    "focusskin": "sbb62a7f09b64511a9be81c2caf23c65",
    "id": "btnCancel",
    "ide_onClick": "AS_Button_dbef8da55339421f89942c251f6ba225",
    "info": null,
    "isvisible": true,
    "kuid": "c41a6cab9d604e5a873b242613d50da0",
    "name": "kony.ui.Button",
    "parent": "flxDays",
    "pf": "frmEditShiftDetails",
    "wType": "Button",
    "zindex": 2
}