{
    "@class": "com.kony.gen.viz.model.component.KVizButton",
    "DNDConfig": null,
    "__markedForDelete__": true,
    "__parentReadjusting__": false,
    "_height_": {
        "type": "string",
        "value": "5%"
    },
    "_left_": {
        "type": "string",
        "value": "557dp"
    },
    "_margin_": [
        6,
        6,
        6,
        6
    ],
    "_padding_": [
        0,
        0,
        0,
        0
    ],
    "_skin_": "s3619eb94aae4969abb02680c80bd021",
    "_text_": "Clear",
    "_top_": {
        "type": "string",
        "value": "45%"
    },
    "_width_": {
        "type": "string",
        "value": "30%"
    },
    "canUpdateUI": true,
    "centerx": {
        "type": "string",
        "value": "35%"
    },
    "containerweight": 100,
    "contentalignment": 5,
    "displaytext": true,
    "focusskin": "sbb62a7f09b64511a9be81c2caf23c65",
    "id": "btnNormCancel",
    "ide_onClick": "AS_Button_c336792f201a4ba1a08ed6081baeedd1",
    "info": null,
    "isvisible": true,
    "kuid": "e234252a1fa74f478497f2e39fcdce3b",
    "name": "kony.ui.Button",
    "parent": "flxSingleDay",
    "pf": "frmEditShiftDetails",
    "wType": "Button",
    "zindex": 2
}