{
    "@class": "com.kony.gen.viz.model.component.KVizButton",
    "DNDConfig": null,
    "__markedForDelete__": true,
    "__parentReadjusting__": false,
    "_height_": {
        "type": "string",
        "value": "5%"
    },
    "_left_": {
        "type": "string",
        "value": "557dp"
    },
    "_margin_": [
        6,
        6,
        6,
        6
    ],
    "_padding_": [
        0,
        0,
        0,
        0
    ],
    "_skin_": "s1c95a0dcddd423aab9594ebab897628",
    "_text_": "Submit",
    "_top_": {
        "type": "string",
        "value": "45%"
    },
    "_width_": {
        "type": "string",
        "value": "30%"
    },
    "canUpdateUI": true,
    "centerx": {
        "type": "string",
        "value": "75%"
    },
    "containerweight": 100,
    "contentalignment": 5,
    "displaytext": true,
    "focusskin": "sacc011437064683b82cd34aa66b4636",
    "id": "btnSubmit2",
    "ide_onClick": "AS_Button_b301f8dd388b4cef8306c418890abb74",
    "info": null,
    "isvisible": true,
    "kuid": "ce6dcf39e6764f138a6b2c01881c116f",
    "name": "kony.ui.Button",
    "parent": "flxSingleDay",
    "pf": "frmEditShiftDetails",
    "wType": "Button",
    "zindex": 2
}