{
    "@class": "com.kony.gen.viz.model.component.KVizButton",
    "DNDConfig": null,
    "__markedForDelete__": true,
    "__parentReadjusting__": false,
    "_height_": {
        "type": "string",
        "value": "7%"
    },
    "_left_": {
        "type": "string",
        "value": "557dp"
    },
    "_margin_": [
        6,
        6,
        6,
        6
    ],
    "_padding_": [
        0,
        0,
        0,
        0
    ],
    "_skin_": "s1c95a0dcddd423aab9594ebab897628",
    "_text_": "Submit",
    "_top_": {
        "type": "string",
        "value": "45%"
    },
    "_width_": {
        "type": "string",
        "value": "35%"
    },
    "canUpdateUI": true,
    "centerx": {
        "type": "string",
        "value": "70%"
    },
    "containerweight": 100,
    "contentalignment": 5,
    "displaytext": true,
    "focusskin": "sacc011437064683b82cd34aa66b4636",
    "id": "btnSubmit",
    "ide_onClick": "AS_Button_d20e258649e848dbb091039c2a57d461",
    "info": null,
    "isvisible": true,
    "kuid": "bd31112b0bc249cda354364a43d594e8",
    "name": "kony.ui.Button",
    "parent": "flxDays",
    "pf": "frmEditShiftDetails",
    "wType": "Button",
    "zindex": 2
}