{
    "@class": "com.kony.gen.viz.model.component.KVizTextBox2",
    "DNDConfig": null,
    "__markedForDelete__": true,
    "__parentReadjusting__": false,
    "_height_": {
        "type": "string",
        "value": "50%"
    },
    "_left_": {
        "type": "string",
        "value": "45%"
    },
    "_margin_": [
        0,
        0,
        0,
        0
    ],
    "_padding_": [
        3,
        0,
        0,
        0
    ],
    "_placeholder_": "Enter Emp ID",
    "_skin_": "s60787ea0e354a75a28975a6a595df62",
    "_text_": "",
    "_top_": {
        "type": "string",
        "value": "20%"
    },
    "_width_": {
        "type": "string",
        "value": "50%"
    },
    "autocapitalize": "none",
    "autocomplete": false,
    "autocorrect": false,
    "autofilter": false,
    "canUpdateUI": true,
    "centerx": {
        "type": "string",
        "value": "50%"
    },
    "containerheight": "",
    "containerheightmode": 1,
    "containerweight": 100,
    "contentalignment": 4,
    "id": "tbxEmpId2",
    "ide_onDone": "AS_TextField_e46312f8c9b94b5ab83df10e944fe005",
    "info": null,
    "isvisible": true,
    "keyboardtype": "A",
    "kuid": "d297dfcf97fb410e9d3824474c8399d4",
    "maxtextlength": 6,
    "mode": "A",
    "name": "kony.ui.TextBox2",
    "parent": "flxId",
    "pf": "frmEditShiftDetails",
    "securetextentry": false,
    "textinputmode": "A",
    "viewtype": "default",
    "wType": "TextField",
    "zindex": 1
}