{
    "@class": "com.kony.gen.viz.model.component.KVizListBox",
    "DNDConfig": null,
    "__parentReadjusting__": false,
    "_height_": {
        "type": "string",
        "value": "40%"
    },
    "_left_": {
        "type": "string",
        "value": "33%"
    },
    "_margin_": [
        0,
        0,
        0,
        0
    ],
    "_padding_": [
        0,
        0,
        0,
        0
    ],
    "_skin_": "sac993c2b48841b3a811b3d784d05a11",
    "_top_": {
        "type": "string",
        "value": "50%"
    },
    "_width_": {
        "type": "string",
        "value": "40%"
    },
    "canUpdateUI": true,
    "containerweight": 100,
    "contentalignment": 4,
    "context": {
        "channel": "desktop",
        "formID": "frmEditShiftDetails",
        "platform": "desktopweb",
        "templateType": "forms",
        "topLevelBox": null
    },
    "groupcells": false,
    "id": "tbxShiftType",
    "info": null,
    "isvisible": true,
    "kiosk": {
        "psp": {
            "placeholder": ""
        }
    },
    "kuid": "i71e10ee90b0418bae505cdbc7d319f1",
    "masterdata": [
        [
            "G",
            "G"
        ],
        [
            "S1",
            "S1"
        ],
        [
            "S2",
            "S2"
        ],
        [
            "S3",
            "S3"
        ],
        [
            "S1WF1",
            "S1WF1"
        ],
        [
            "S2WF1",
            "S2WF1"
        ],
        [
            "GWF1",
            "GWF1"
        ],
        [
            "GWF2",
            "GWF2"
        ],
        [
            "S2WF2",
            "S2WF2"
        ],
        [
            "S1WF2",
            "S1WF2"
        ],
        [
            "lb",
            "Update Shift"
        ]
    ],
    "name": "kony.ui.ListBox",
    "parent": "flxShift",
    "pf": "frmEditShiftDetails",
    "selectedkey": "lb",
    "selectedkeys": null,
    "selectedkeyvalue": [
        "lb",
        "Update Shift"
    ],
    "selectedkeyvalues": null,
    "size": 18,
    "viewconfig": {
        "toggleViewConfig": {
            "viewStyle": 0
        }
    },
    "viewtype": 0,
    "wType": "ListBox",
    "zindex": 1
}