{
    "DNDConfig": null,
    "__parentReadjusting__": false,
    "_height_": {
        "type": "string",
        "value": "6%"
    },
    "_margin_": [
        0,
        0,
        0,
        0
    ],
    "_orientation_": 6,
    "_padding_": [
        0,
        0,
        0,
        0
    ],
    "_percent_": true,
    "_skin_": "s753af1f127246eba42396984ff9be97",
    "_width_": {
        "type": "string",
        "value": "45%"
    },
    "allboxes": [],
    "autogrowmode": 0,
    "canUpdateUI": true,
    "centerx": {
        "type": "string",
        "value": "60%"
    },
    "centery": {
        "type": "string",
        "value": "13%"
    },
    "children": [
        "toastm"
    ],
    "clipbounds": true,
    "containerweight": 100,
    "enablescrolling": true,
    "id": "toast",
    "info": null,
    "isvisible": false,
    "kuid": "hc5d2ec327754657826f3ece06eaa56b",
    "layouttype": 2,
    "name": "kony.ui.FlexContainer",
    "parent": "FlexContainer0j1e4bee4b32d43",
    "pf": "frmEditShiftDetails",
    "snapgridsize": 10,
    "snaptogrid": true,
    "wType": "FlexContainer",
    "widgetalignment": 1,
    "zindex": 1
}