{
    "@class": "com.kony.gen.viz.model.container.KVizTabPane",
    "DNDConfig": null,
    "__markedForDelete__": true,
    "__parentReadjusting__": false,
    "_activeTabsBackUp": [
        0
    ],
    "_height_": {
        "type": "string",
        "value": "85%"
    },
    "_left_": "0dp",
    "_margin_": [
        0,
        0,
        0,
        0
    ],
    "_orientation_": 1,
    "_padding_": [
        0,
        0,
        0,
        0
    ],
    "_percent_": true,
    "_top_": "15%",
    "_width_": {
        "type": "string",
        "value": "100%"
    },
    "activeskin": "s0d5f7b204d8408baa35ab82b60d816e",
    "activetab": 0,
    "activetabs": [
        0
    ],
    "allboxes": [],
    "android": {
        "psp": {
            "tabHeaderHeight": 32
        }
    },
    "canUpdateUI": true,
    "children": [
        "dailyTab",
        "weeklyTab",
        "monthlyTab",
        "quarterlyTab"
    ],
    "collapsedimage": "",
    "containerweight": 100,
    "context": {
        "channel": "mobile",
        "formID": "frmMgrView",
        "platform": "iphone",
        "tabpaneID": "",
        "templateType": "forms",
        "topLevelBox": null
    },
    "expandedimage": "",
    "id": "durationTab",
    "ide_onTabClick": "AS_TabPane_aee90c362d2948c0974f85e9a203cd53",
    "imageposition": "right",
    "inactiveskin": "sdbaa35ccf664833b9202db0c3cddd9a",
    "info": null,
    "isvisible": true,
    "kuid": "f1615324785e442f9ca4094e78de7525",
    "layouttype": 0,
    "margininpixel": false,
    "name": "kony.ui.TabPane",
    "paddinginpixel": false,
    "parent": "flxscreen",
    "pf": "frmMgrView",
    "screenlevelwidget": false,
    "tabnamealignment": "left",
    "toggletabs": false,
    "viewconfig": {
        "collapsibleViewConfig": {
            "collapsedImage": "",
            "collapsedimage": "",
            "expandedImage": "",
            "expandedimage": "",
            "imagePosition": "right",
            "imageposition": "right",
            "tabNameAlignment": "left",
            "tabnamealignment": "left",
            "toggleTabs": false,
            "toggletabs": false
        },
        "collapsibleviewconfig": {
            "collapsedImage": "",
            "collapsedimage": "",
            "expandedImage": "",
            "expandedimage": "",
            "imagePosition": "right",
            "imageposition": "right",
            "tabNameAlignment": "left",
            "tabnamealignment": "left",
            "toggleTabs": false,
            "toggletabs": false
        },
        "pageViewConfig": {
            "needPageIndicator": true,
            "pageOffDotImage": "",
            "pageOnDotImage": ""
        },
        "panoramaViewConfig": {
            "panoramaImage": "",
            "panoramaTitle": "",
            "panoramaTitleImage": ""
        },
        "tabViewConfig": {
            "headerPosition": "top",
            "image1": "tableftarrow.png",
            "image2": "tabrightarrow.png"
        }
    },
    "viewtype": "tabview",
    "wType": "TabPane",
    "zindex": 1
}