{
    "@class": "com.kony.gen.viz.model.container.KVizSegment2",
    "DNDConfig": null,
    "__parentReadjusting__": false,
    "_data_": [
        {
            "img": {
                "@class": "com.viz.ide.model.segment.ImageSegmentData",
                "src": ""
            },
            "lbl": {
                "@class": "com.viz.ide.model.segment.SimpleTextSegmentData",
                "text": ""
            }
        }
    ],
    "_height_": {
        "type": "string",
        "value": "100%"
    },
    "_indicator_": "none",
    "_left_": {
        "type": "string",
        "value": "0%"
    },
    "_margin_": [
        0,
        0,
        0,
        0
    ],
    "_orientation_": 2,
    "_padding_": [
        0,
        0,
        0,
        0
    ],
    "_top_": {
        "type": "string",
        "value": "0%"
    },
    "_width_": {
        "type": "string",
        "value": "100%"
    },
    "autogrowmode": 0,
    "canUpdateUI": true,
    "containerweight": 100,
    "counter": "00",
    "focusedindex": null,
    "focuseditem": null,
    "generatedtemplate": "b1d5f60732644aefaaf07c6e1dbf015a",
    "groupcells": false,
    "hasSections": false,
    "id": "Segment0dfbade72590f41",
    "ide_onRowClick": "AS_Segment_e1cd534441e3483e99aeae8d8f502681",
    "info": null,
    "ipad": {
        "psp": {
            "indicator": "rowselect"
        }
    },
    "iphone": {
        "psp": {
            "indicator": "rowselect"
        }
    },
    "isvisible": true,
    "kuid": "ce4bfd77e5934ba4b8b93f8b8c8fb5fc",
    "masterdata": {},
    "name": "kony.ui.SegmentedUI2",
    "needpageindicator": true,
    "pageoffdotimage": "pageoffdot.png",
    "pageondotimage": "pageondot.png",
    "paginationconfig": {
        "position": "bottom"
    },
    "parent": "flxmenu",
    "pf": "frmMgrView",
    "retainselection": false,
    "rowTemplateId": "b850f1091e6744ffba7f19bda19a973c",
    "rowcounter": 0,
    "rowfocusskin": "sc56979e66b64cb1a74644479a1ffd3e",
    "rowskin": "sb9f90f82e2c4baeb1cfdee8669795cf",
    "rowtemplate": "FlexContainer0bc35e149341046",
    "screenlevelwidget": false,
    "seccounter": 0,
    "sectionHeaderTemplateId": null,
    "sectionheaderskin": "sd13d501339f45879b0cdd9acf089613",
    "selectedRows": null,
    "selectedState": false,
    "selectedindex": null,
    "selectedindices": null,
    "selecteditems": null,
    "selectedsectionindex": 0,
    "selectionbehavior": "default",
    "separatorcolor": "64646400",
    "separatorrequired": true,
    "separatorthickness": 1,
    "showscrollbars": false,
    "viewtype": "tableview",
    "wType": "Segment",
    "widgetalignment": 5,
    "widgetdatamap": {
        "FlexContainer0bc35e149341046": "FlexContainer0bc35e149341046",
        "img": "img",
        "lbl": "lbl"
    },
    "zindex": 1
}