{
    "@class": "com.kony.gen.viz.model.component.KVizButton",
    "DNDConfig": null,
    "__parentReadjusting__": false,
    "_height_": {
        "type": "string",
        "value": "70%"
    },
    "_margin_": [
        6,
        6,
        6,
        6
    ],
    "_padding_": [
        0,
        0,
        0,
        0
    ],
    "_right_": {
        "type": "string",
        "value": "5%"
    },
    "_skin_": "sbd5557a0cc44cf5be3b06a25d5c88c8",
    "_text_": "",
    "_top_": {
        "type": "string",
        "value": "15%"
    },
    "_width_": {
        "type": "string",
        "value": "5%"
    },
    "canUpdateUI": true,
    "containerweight": 100,
    "contentalignment": 5,
    "displaytext": true,
    "focusskin": "sf309415f06646608f28bf589b627989",
    "id": "btncal",
    "ide_onClick": "AS_Button_a1b699bf12a4433bbf04694deb09dd4e",
    "info": null,
    "isvisible": true,
    "kuid": "gd6a6d6ffd0d4e6196d04f42eb934ca0",
    "name": "kony.ui.Button",
    "parent": "flxHead",
    "pf": "frmLeaveChart",
    "wType": "Button",
    "zindex": 1
}