{
    "@class": "com.kony.gen.viz.model.component.KVizButton",
    "DNDConfig": null,
    "__parentReadjusting__": false,
    "_height_": {
        "type": "string",
        "value": "80%"
    },
    "_left_": {
        "type": "string",
        "value": "3%"
    },
    "_margin_": [
        6,
        6,
        6,
        6
    ],
    "_padding_": [
        0,
        0,
        0,
        0
    ],
    "_skin_": "s0e30a256bd844a7976003bbf706e587",
    "_text_": "",
    "_top_": {
        "type": "string",
        "value": "9%"
    },
    "_width_": {
        "type": "string",
        "value": "6%"
    },
    "canUpdateUI": true,
    "containerweight": 100,
    "contentalignment": 5,
    "displaytext": true,
    "focusskin": "s1b7ef41278440ab84a040155f24587b",
    "id": "btnmenu",
    "ide_onClick": "AS_Button_cda334f6239f44a9b525b9fbaec81010",
    "info": null,
    "isvisible": true,
    "kuid": "d01fdf1d8717436583e303106f31a396",
    "name": "kony.ui.Button",
    "parent": "flxHead",
    "pf": "frmLeaveChart",
    "wType": "Button",
    "zindex": 1
}