{
    "@class": "com.kony.gen.viz.model.component.KVizDateField",
    "DNDConfig": null,
    "Image": "calbtn.png",
    "__id": "frmDashboard_Calendar0jde7cc7f9b2143",
    "__input": "Calendar0jde7cc7f9b2143",
    "__markedForDelete__": true,
    "__parentReadjusting__": false,
    "_data_": null,
    "_date_": [
        null,
        null,
        null
    ],
    "_height_": {
        "type": "string",
        "value": "100%"
    },
    "_margin_": [
        0,
        0,
        0,
        0
    ],
    "_padding_": [
        0,
        0,
        0,
        0
    ],
    "_right_": {
        "type": "string",
        "value": "10%"
    },
    "_skin_": "s6e57cad0ff04611889da57e3d5e59c1",
    "_top_": {
        "type": "string",
        "value": "1%"
    },
    "_width_": {
        "type": "string",
        "value": "50%"
    },
    "advview": "onscreen",
    "calendaricon": "calbtn.png",
    "canUpdateUI": true,
    "containerweight": 100,
    "contentalignment": 5,
    "datecomponents": null,
    "dateeditable": true,
    "dateformat": "dd/MM/yyyy",
    "datesGroup": [],
    "datesState": 0,
    "day": null,
    "daytextalignmentincell": 5,
    "displayedMonths": [
        6,
        2017
    ],
    "entereddate": null,
    "format": "dd/MM/yyyy",
    "formatteddate": null,
    "hidedaysheader": false,
    "hidemonthsheader": false,
    "hour": null,
    "id": "calLeave",
    "ide_onSelection": "AS_Calendar_bee0e5f98ab54437bdcc4122e4a7edb9",
    "info": null,
    "isvisible": true,
    "kuid": "i0214510cfb146079c1a84b66a4bb920",
    "minutes": null,
    "month": null,
    "monthsinrow": 3,
    "name": "kony.ui.Calendar",
    "navigatorAlert": "Invalid Selection",
    "noofmonths": 1,
    "pagedate": "/2017",
    "parent": "flxcalender",
    "pf": "frmLeaveChart",
    "popupHeight": "auto",
    "popupWidth": "auto",
    "seconds": null,
    "selectdate": "//2017",
    "startDay": 0,
    "viewtype": "onscreen",
    "wType": "Calendar",
    "widgetalignment": 5,
    "widths": [
        "14.2857%;",
        "14.2857%;",
        "14.2857%;",
        "14.2857%;",
        "14.2857%;",
        "14.2857%;",
        "14.2857%;"
    ],
    "year": null,
    "zindex": 1
}