{
    "DNDConfig": null,
    "__parentReadjusting__": false,
    "_height_": {
        "type": "string",
        "value": "100%"
    },
    "_left_": {
        "type": "string",
        "value": "0%"
    },
    "_margin_": [
        0,
        0,
        0,
        0
    ],
    "_orientation_": 6,
    "_padding_": [
        0,
        0,
        0,
        0
    ],
    "_percent_": true,
    "_skin_": "s68b697f6eaf43ff8611c2f66b3d6428",
    "_top_": {
        "type": "string",
        "value": "0%"
    },
    "_width_": {
        "type": "string",
        "value": "100%"
    },
    "allboxes": [],
    "autogrowmode": 0,
    "canUpdateUI": true,
    "children": [
        "flxcalender",
        "flxHead",
        "flxDateHead",
        "flxSegment",
        "datanf"
    ],
    "clipbounds": true,
    "containerweight": 100,
    "defaultunit": 3,
    "enablescrolling": true,
    "id": "flxscreen",
    "info": null,
    "isvisible": true,
    "kuid": "hd8f0f7bf7564013bcb7487838fac202",
    "layouttype": 2,
    "name": "kony.ui.FlexContainer",
    "parent": "frmLeaveChart",
    "pf": "frmLeaveChart",
    "snapgridsize": 10,
    "snaptogrid": true,
    "wType": "FlexContainer",
    "widgetalignment": 1,
    "zindex": 1
}