{
    "@class": "com.kony.gen.viz.model.container.KVizScrollFlexForm",
    "DNDConfig": null,
    "_headers_": [],
    "_margin_": [
        0,
        0,
        0,
        0
    ],
    "_orientation_": 1,
    "_padding_": [
        0,
        0,
        0,
        0
    ],
    "_percent_": true,
    "_skin_": "s1a6bab8b0204f3b8d86bba3a7e7bbf0",
    "_title_": null,
    "addWidgetsdone": false,
    "allboxes": [],
    "android": {
        "ide_onDeviceBack": "AS_Form_gaae274098604d16aa75a4db3554bc51",
        "needAppMenu": false,
        "psp": {
            "windowSoftInputMode": 2
        }
    },
    "canUpdateUI": true,
    "children": [
        "flxmenu",
        "flxscreen"
    ],
    "containerweight": 100,
    "controllerInfo": {
        "default": {
            "channel": "mobile"
        }
    },
    "currentLocale": "default",
    "desktopweb": {
        "needAppMenu": false
    },
    "device": "iPhone6",
    "displayorientation": 2,
    "enabledforidletimeout": false,
    "header": "frmLeaveChart_header",
    "id": "frmLeaveChart",
    "ide_init": "AS_Form_c33d872e44f942aeb960ae29c86c209f",
    "ide_postShow": "AS_Form_f4f3cf047751478f88d32664eca4fbdd",
    "ide_preShow": "AS_Form_i7aff3ac6d5d41ff98dcdcf02264edc9",
    "info": null,
    "initdone": false,
    "inputaccessoryviewtype": 4,
    "invokedProperty": "headers",
    "ipad": {
        "psp": {
            "inputAccessoryViewType": 4
        }
    },
    "iphone": {
        "needAppMenu": false,
        "psp": {
            "inputAccessoryViewType": 4,
            "titleBarConfig": {
                "buttonClosureLeftSideView": "",
                "buttonClosureRightSideView": "",
                "buttonText": "Edit",
                "leftButtonText": "Back",
                "leftTitle": "Back",
                "prevFormTitle": false,
                "renderTitleText": true,
                "rightTitle": "Edit",
                "titleBarLeftSideView": "button",
                "titleBarRightSideView": "button",
                "titleClosureLeftSideView": "",
                "titleClosureRightSideView": "",
                "visible": false
            }
        },
        "titleBar": false
    },
    "isvisible": true,
    "kuid": "b4a34e55c72542d19ff2c30d976f63fb",
    "layouttype": 2,
    "name": "kony.ui.Form2",
    "needappmenu": true,
    "paddinginpixel": false,
    "platform": "iphone",
    "prevDevice": "iPhone6",
    "prevPlatform": "iphone",
    "retainscrollposition": false,
    "shellCSS": "iOS_iPhone6",
    "snapgridsize": 10,
    "snaptogrid": true,
    "spaan": {
        "needAppMenu": false
    },
    "spabb": {
        "needAppMenu": false
    },
    "spaip": {
        "needAppMenu": false
    },
    "spawinphone8": {
        "needAppMenu": false
    },
    "titleBarSkin": "s52db23d863d42d7905935308cfa3d9d",
    "titlebar": true,
    "type": 3,
    "wType": "Form",
    "winphone8": {
        "needAppMenu": false
    }
}