{
    "@class": "com.kony.gen.viz.model.component.KVizButton",
    "DNDConfig": null,
    "__parentReadjusting__": false,
    "_height_": {
        "type": "string",
        "value": "25%"
    },
    "_left_": {
        "type": "number",
        "value": "403"
    },
    "_margin_": [
        6,
        6,
        6,
        6
    ],
    "_padding_": [
        0,
        0,
        0,
        0
    ],
    "_right_": {
        "type": "string",
        "value": "10%"
    },
    "_skin_": "sefa0999186044eeb827924f76a4620e",
    "_text_": "clear",
    "_top_": {
        "type": "string",
        "value": "60.00%"
    },
    "_width_": {
        "type": "string",
        "value": "15%"
    },
    "canUpdateUI": true,
    "containerweight": 100,
    "contentalignment": 5,
    "displaytext": true,
    "focusskin": "s17b1eb0abaf44d58e16bdb40ffb4d07",
    "id": "btnClr",
    "ide_onClick": "AS_Button_f1f3f99dba1a4c73a0e895d42b93814e",
    "info": null,
    "isvisible": true,
    "kuid": "ef1b644281324b0dbd086f5472e7e19e",
    "name": "kony.ui.Button",
    "parent": "flxShift",
    "pf": "frmShiftDetls",
    "wType": "Button",
    "zindex": 1
}