{
    "@class": "com.kony.gen.viz.model.component.KVizButton",
    "DNDConfig": null,
    "__parentReadjusting__": false,
    "_height_": {
        "type": "string",
        "value": "50dp"
    },
    "_left_": {
        "type": "string",
        "value": "557dp"
    },
    "_margin_": [
        6,
        6,
        6,
        6
    ],
    "_padding_": [
        0,
        0,
        0,
        0
    ],
    "_skin_": "s3619eb94aae4969abb02680c80bd021",
    "_text_": "Clear",
    "_top_": {
        "type": "string",
        "value": "85%"
    },
    "_width_": {
        "type": "string",
        "value": "260dp"
    },
    "canUpdateUI": true,
    "centerx": {
        "type": "string",
        "value": "50%"
    },
    "containerweight": 100,
    "contentalignment": 5,
    "displaytext": true,
    "focusskin": "sab68a3d932d4256bd7d41869e8b3a77",
    "id": "btnCancel",
    "ide_onClick": "AS_Button_b696880bcd9d40aea99a8b342cc953be",
    "info": null,
    "isvisible": true,
    "kuid": "c87ba96afda94f93986feee45ffb2a4e",
    "name": "kony.ui.Button",
    "parent": "FlexContainer0j1e4bee4b32d43",
    "pf": "frmShiftDetls",
    "wType": "Button",
    "zindex": 1
}