{
    "@class": "com.kony.gen.viz.model.component.KVizButton",
    "DNDConfig": null,
    "__parentReadjusting__": false,
    "_height_": {
        "type": "string",
        "value": "50dp"
    },
    "_left_": {
        "type": "string",
        "value": "557dp"
    },
    "_margin_": [
        6,
        6,
        6,
        6
    ],
    "_padding_": [
        0,
        0,
        0,
        0
    ],
    "_skin_": "s1c95a0dcddd423aab9594ebab897628",
    "_text_": "Submit",
    "_top_": {
        "type": "string",
        "value": "85%"
    },
    "_width_": {
        "type": "string",
        "value": "260dp"
    },
    "canUpdateUI": true,
    "centerx": {
        "type": "string",
        "value": "70%"
    },
    "containerweight": 100,
    "contentalignment": 5,
    "displaytext": true,
    "focusskin": "s587493a9f244e938b609a96bb20ab0e",
    "id": "btnSubmit",
    "ide_onClick": "AS_Button_b1e8dd5090a7440d9a278c683ce7dade",
    "info": null,
    "isvisible": true,
    "kuid": "ea26adbe784046a98dd7d9c20870601c",
    "name": "kony.ui.Button",
    "parent": "FlexContainer0j1e4bee4b32d43",
    "pf": "frmShiftDetls",
    "wType": "Button",
    "zindex": 1
}