{
    "DNDConfig": null,
    "__parentReadjusting__": false,
    "_height_": {
        "type": "string",
        "value": "100%"
    },
    "_left_": "0%",
    "_margin_": [
        0,
        0,
        0,
        0
    ],
    "_orientation_": 6,
    "_padding_": [
        0,
        0,
        0,
        0
    ],
    "_percent_": true,
    "_skin_": "s0b94f8c75e64c0d8ddd9616f2b95a58",
    "_top_": "0%",
    "_width_": {
        "type": "string",
        "value": "100%"
    },
    "allboxes": [],
    "autogrowmode": 0,
    "canUpdateUI": true,
    "children": [
        "btnSubmit",
        "btnCancel",
        "flxDays",
        "multiplesegment",
        "toast"
    ],
    "clipbounds": true,
    "containerweight": 100,
    "enablescrolling": true,
    "id": "FlexContainer0j1e4bee4b32d43",
    "info": null,
    "isvisible": true,
    "kuid": "ee2aa51cca99440d874aa527f748573d",
    "layouttype": 2,
    "name": "kony.ui.FlexContainer",
    "parent": "frmShiftDetls",
    "pf": "frmShiftDetls",
    "snapgridsize": 10,
    "snaptogrid": true,
    "wType": "FlexContainer",
    "widgetalignment": 1,
    "zindex": 1
}