{
    "DNDConfig": null,
    "__parentReadjusting__": false,
    "_height_": {
        "type": "string",
        "value": "43%"
    },
    "_left_": {
        "type": "string",
        "value": "0%"
    },
    "_margin_": [
        0,
        0,
        0,
        0
    ],
    "_orientation_": 6,
    "_padding_": [
        0,
        0,
        0,
        0
    ],
    "_percent_": true,
    "_skin_": "s68b697f6eaf43ff8611c2f66b3d6428",
    "_top_": "0%",
    "_width_": {
        "type": "string",
        "value": "100%"
    },
    "allboxes": [],
    "autogrowmode": 0,
    "canUpdateUI": true,
    "children": [
        "imgMenu",
        "lblEmpName",
        "lblEmpDesignation",
        "btnmenu",
        "FlexContainer0dc3b87abe2a245"
    ],
    "clipbounds": true,
    "containerweight": 100,
    "enablescrolling": true,
    "id": "flxDetails",
    "info": null,
    "isvisible": true,
    "kuid": "ae9ad4c1e31d4864be06945120275e25",
    "layouttype": 2,
    "name": "kony.ui.FlexContainer",
    "parent": "flxCalendar",
    "pf": "frmShiftDetls",
    "snapgridsize": 10,
    "snaptogrid": true,
    "wType": "FlexContainer",
    "widgetalignment": 1,
    "zindex": 1
}