{
    "DNDConfig": null,
    "__markedForDelete__": true,
    "__parentReadjusting__": false,
    "_height_": {
        "type": "string",
        "value": "10%"
    },
    "_left_": {
        "type": "string",
        "value": "0%"
    },
    "_margin_": [
        0,
        0,
        0,
        0
    ],
    "_orientation_": 6,
    "_padding_": [
        0,
        0,
        0,
        0
    ],
    "_percent_": true,
    "_skin_": "s6a46edd68d24e9e98e8f06f2e3800f5",
    "_top_": {
        "type": "string",
        "value": "90%"
    },
    "_width_": {
        "type": "string",
        "value": "100%"
    },
    "allboxes": [],
    "autogrowmode": 0,
    "canUpdateUI": true,
    "children": [
        "tbxSat",
        "CopyLabel0a883a5f4f3df43",
        "tbxSat2"
    ],
    "clipbounds": true,
    "containerweight": 100,
    "enablescrolling": true,
    "id": "flxSa",
    "info": null,
    "isvisible": true,
    "kuid": "j5c7b7750f974fd6afd55ebebc5c5c27",
    "layouttype": 2,
    "name": "kony.ui.FlexContainer",
    "parent": "flxDays",
    "pf": "frmShiftDetls",
    "snapgridsize": 10,
    "snaptogrid": true,
    "wType": "FlexContainer",
    "widgetalignment": 1,
    "zindex": 1
}