{
    "@class": "com.kony.gen.viz.model.component.KVizTextBox2",
    "DNDConfig": null,
    "__markedForDelete__": true,
    "__parentReadjusting__": false,
    "_height_": {
        "type": "string",
        "value": "50%"
    },
    "_left_": {
        "type": "string",
        "value": "45%"
    },
    "_margin_": [
        0,
        0,
        0,
        0
    ],
    "_padding_": [
        3,
        0,
        0,
        0
    ],
    "_placeholder_": "YYYY-MM-DD",
    "_skin_": "s60787ea0e354a75a28975a6a595df62",
    "_text_": "",
    "_top_": {
        "type": "string",
        "value": "20%"
    },
    "_width_": {
        "type": "string",
        "value": "25%"
    },
    "autocapitalize": "none",
    "autocomplete": false,
    "autocorrect": false,
    "autofilter": false,
    "canUpdateUI": true,
    "centerx": {
        "type": "string",
        "value": "80%"
    },
    "containerheight": "",
    "containerheightmode": 1,
    "containerweight": 100,
    "contentalignment": 4,
    "id": "tbxS2",
    "ide_onDone": "AS_TextField_f480e74b62844406993fd5764365ed34",
    "info": null,
    "isvisible": true,
    "keyboardtype": "A",
    "kuid": "f9415d2e2a2b4a86b767c4c601c20044",
    "maxtextlength": 10,
    "mode": "A",
    "name": "kony.ui.TextBox2",
    "parent": "flxS",
    "pf": "frmShiftDetls",
    "securetextentry": false,
    "textinputmode": "A",
    "viewtype": "default",
    "wType": "TextField",
    "zindex": 1
}