{
    "@class": "com.kony.gen.viz.model.component.KVizButton",
    "DNDConfig": null,
    "__parentReadjusting__": false,
    "_height_": {
        "type": "string",
        "value": "100%"
    },
    "_margin_": [
        6,
        6,
        6,
        6
    ],
    "_padding_": [
        0,
        0,
        0,
        0
    ],
    "_right_": {
        "type": "string",
        "value": "0%"
    },
    "_skin_": "se188dbbebef42e2887ba882e95dd46c",
    "_text_": "Logout",
    "_top_": {
        "type": "string",
        "value": "0dp"
    },
    "_width_": {
        "type": "string",
        "value": "5%"
    },
    "canUpdateUI": true,
    "containerweight": 100,
    "contentalignment": 5,
    "displaytext": true,
    "focusskin": "s4a4729506674e8ca53f39674f50db81",
    "id": "btnLogout",
    "ide_onClick": "AS_Button_c88254ce7b0e4497947e2c6a88d86db7",
    "info": null,
    "isvisible": true,
    "kuid": "a65ff0918c52448589d3680ce7f8ab1d",
    "name": "kony.ui.Button",
    "parent": "flxShiftOption",
    "pf": "frmDashboard",
    "wType": "Button",
    "zindex": 1
}