{
    "DNDConfig": null,
    "__markedForDelete__": true,
    "__parentReadjusting__": false,
    "_height_": {
        "type": "string",
        "value": "6%"
    },
    "_left_": {
        "type": "string",
        "value": "120%"
    },
    "_margin_": [
        0,
        0,
        0,
        0
    ],
    "_orientation_": 6,
    "_padding_": [
        0,
        0,
        0,
        0
    ],
    "_percent_": true,
    "_skin_": "s68b697f6eaf43ff8611c2f66b3d6428",
    "_top_": {
        "type": "string",
        "value": "10%"
    },
    "_width_": {
        "type": "string",
        "value": "43%"
    },
    "allboxes": [],
    "autogrowmode": 0,
    "canUpdateUI": true,
    "children": [
        "Label0e0301e8207c146",
        "CopyLabel0g887194e581d42",
        "CopyLabel0hd04b403630847",
        "CopyLabel0ad5fd039574440",
        "CopyLabel0a0542416e65e46",
        "CopyLabel0a493566e392d41",
        "CopyLabel0h76d4d1e1fa243",
        "lblDay1",
        "lblDay2",
        "lblDay3",
        "lblDay4",
        "lblDay5",
        "lblDay6",
        "lblDay7"
    ],
    "clipbounds": true,
    "containerweight": 100,
    "enablescrolling": true,
    "id": "flxWeekDays",
    "info": null,
    "isvisible": true,
    "kuid": "e7e1c51dcab34c4ba29259c33c7bb872",
    "layouttype": 2,
    "name": "kony.ui.FlexContainer",
    "parent": "frmDashboard",
    "pf": "frmDashboard",
    "snapgridsize": 10,
    "snaptogrid": true,
    "wType": "FlexContainer",
    "widgetalignment": 1,
    "zindex": 1
}