{
    "DNDConfig": null,
    "__parentReadjusting__": false,
    "_height_": {
        "type": "string",
        "value": "6%"
    },
    "_left_": {
        "type": "string",
        "value": "120%"
    },
    "_margin_": [
        0,
        0,
        0,
        0
    ],
    "_orientation_": 6,
    "_padding_": [
        0,
        0,
        0,
        0
    ],
    "_percent_": true,
    "_skin_": "s68b697f6eaf43ff8611c2f66b3d6428",
    "_top_": {
        "type": "string",
        "value": "10%"
    },
    "_width_": {
        "type": "string",
        "value": "44%"
    },
    "allboxes": [],
    "autogrowmode": 0,
    "canUpdateUI": true,
    "children": [
        "month1",
        "month2",
        "month3",
        "weeka1",
        "weeka2",
        "weeka3",
        "weeka4",
        "weeka5",
        "weeka6",
        "weekb1",
        "weekb2",
        "weekb3",
        "weekb4",
        "weekb5",
        "weekb6",
        "weekc1",
        "weekc2",
        "weekc3",
        "weekc4",
        "weekc5",
        "weekc6"
    ],
    "clipbounds": true,
    "containerweight": 100,
    "enablescrolling": true,
    "id": "lblQuarterly",
    "info": null,
    "isvisible": true,
    "kuid": "ba269f6733084749b67c9b5a68f49aca",
    "layouttype": 2,
    "name": "kony.ui.FlexContainer",
    "parent": "frmDashboard",
    "pf": "frmDashboard",
    "snapgridsize": 10,
    "snaptogrid": true,
    "wType": "FlexContainer",
    "widgetalignment": 1,
    "zindex": 1
}