{
    "@class": "com.kony.gen.viz.model.container.KVizSegment2",
    "DNDConfig": null,
    "__parentReadjusting__": false,
    "_data_": [
        {
            "lblFilterName": {
                "@class": "com.viz.ide.model.segment.SimpleTextSegmentData",
                "text": "MFL"
            }
        },
        {
            "lblFilterName": {
                "@class": "com.viz.ide.model.segment.SimpleTextSegmentData",
                "text": "MFE"
            }
        },
        {
            "lblFilterName": {
                "@class": "com.viz.ide.model.segment.SimpleTextSegmentData",
                "text": "MADPL"
            }
        },
        {
            "lblFilterName": {
                "@class": "com.viz.ide.model.segment.SimpleTextSegmentData",
                "text": "MADPE"
            }
        },
        {
            "lblFilterName": {
                "@class": "com.viz.ide.model.segment.SimpleTextSegmentData",
                "text": "MGR"
            }
        }
    ],
    "_height_": {
        "type": "ref",
        "value": "preferred"
    },
    "_indicator_": "none",
    "_left_": {
        "type": "string",
        "value": "0%"
    },
    "_margin_": [
        0,
        0,
        0,
        0
    ],
    "_orientation_": 2,
    "_padding_": [
        0,
        0,
        0,
        0
    ],
    "_top_": {
        "type": "string",
        "value": "0%"
    },
    "_width_": {
        "type": "string",
        "value": "100%"
    },
    "autogrowmode": 1,
    "canUpdateUI": true,
    "containerweight": 100,
    "counter": "04",
    "focusedindex": null,
    "focuseditem": null,
    "generatedtemplate": "cda0516408464bd689b779566db53dca",
    "groupcells": false,
    "hasSections": false,
    "id": "segFilter",
    "ide_onRowClick": "AS_Segment_e44260f214634a25b902312200acbe18",
    "info": null,
    "ipad": {
        "psp": {
            "indicator": "rowselect"
        }
    },
    "iphone": {
        "psp": {
            "indicator": "rowselect"
        }
    },
    "isvisible": true,
    "kuid": "d688d32206f7424ab16d575dc50df0bd",
    "masterdata": {},
    "name": "kony.ui.SegmentedUI2",
    "needpageindicator": true,
    "pageoffdotimage": "pageoffdot.png",
    "pageondotimage": "pageondot.png",
    "paginationconfig": {
        "position": "bottom"
    },
    "parent": "flxFilter",
    "pf": "frmDashboard",
    "retainselection": false,
    "rowTemplateId": "cda0516408464bd689b779566db53dca",
    "rowcounter": 4,
    "rowfocusskin": "sc56979e66b64cb1a74644479a1ffd3e",
    "rowskin": "sb9f90f82e2c4baeb1cfdee8669795cf",
    "rowtemplate": "FBox0i7232aaceb3845",
    "screenlevelwidget": false,
    "seccounter": 0,
    "sectionheaderskin": "sd13d501339f45879b0cdd9acf089613",
    "selectedRows": null,
    "selectedState": false,
    "selectedindex": null,
    "selectedindices": null,
    "selecteditems": null,
    "selectedsectionindex": 0,
    "selectionbehavior": "default",
    "separatorcolor": "64646400",
    "separatorrequired": true,
    "separatorthickness": 1,
    "showscrollbars": false,
    "viewtype": "tableview",
    "wType": "Segment",
    "widgetalignment": 5,
    "widgetdatamap": {
        "lblFilterName": "lblFilterName"
    },
    "zindex": 2
}