{
    "@class": "com.kony.gen.viz.model.component.KVizButton",
    "DNDConfig": null,
    "__markedForDelete__": true,
    "__parentReadjusting__": false,
    "_bottom_": {
        "type": "string",
        "value": "0%"
    },
    "_height_": {
        "type": "string",
        "value": "91%"
    },
    "_left_": {
        "type": "string",
        "value": "20%"
    },
    "_margin_": [
        6,
        6,
        6,
        6
    ],
    "_padding_": [
        0,
        0,
        0,
        0
    ],
    "_skin_": "s3619eb94aae4969abb02680c80bd021",
    "_text_": "Clear",
    "_top_": {
        "type": "string",
        "value": "0%"
    },
    "_width_": {
        "type": "string",
        "value": "22%"
    },
    "canUpdateUI": true,
    "containerweight": 100,
    "contentalignment": 5,
    "displaytext": true,
    "focusskin": "s5ab860bc9964e61a7d2e6243979cfdd",
    "id": "btnCancel",
    "ide_onClick": "AS_Button_hc6295a5447e455fb7d2b8222e9a5b50",
    "info": null,
    "isvisible": true,
    "kuid": "c34234a89a404c5ca2fc4ed15e3e5e31",
    "name": "kony.ui.Button",
    "parent": "flxButtons",
    "pf": "frmEmpUpdate",
    "wType": "Button",
    "zindex": 1
}