{
    "@class": "com.kony.gen.viz.model.component.KVizButton",
    "DNDConfig": null,
    "__markedForDelete__": true,
    "__parentReadjusting__": false,
    "_height_": {
        "type": "string",
        "value": "22%"
    },
    "_margin_": [
        6,
        6,
        6,
        6
    ],
    "_padding_": [
        0,
        0,
        0,
        0
    ],
    "_skin_": "sb1ba2fffbea4d40b561e0c297fbe83e",
    "_text_": "CONTINUE",
    "_top_": {
        "type": "string",
        "value": "60%"
    },
    "_width_": {
        "type": "string",
        "value": "70%"
    },
    "canUpdateUI": true,
    "centerx": {
        "type": "string",
        "value": "50%"
    },
    "containerweight": 100,
    "contentalignment": 5,
    "displaytext": true,
    "focusskin": "s4e60f025bcc47ed9d156541ffd1d299",
    "id": "btnForgot",
    "ide_onClick": "AS_Button_b2a73d243f9743a19408c1d7270c3951",
    "info": null,
    "isvisible": true,
    "kuid": "e97fc14f2ce14997830d6d962715ee9d",
    "name": "kony.ui.Button",
    "parent": "flxin",
    "pf": "frmEmpUpdate",
    "wType": "Button",
    "zindex": 1
}