{
    "@class": "com.kony.gen.viz.model.component.KVizButton",
    "DNDConfig": null,
    "__markedForDelete__": true,
    "__parentReadjusting__": false,
    "_bottom_": {
        "type": "string",
        "value": "0%"
    },
    "_height_": {
        "type": "string",
        "value": "91%"
    },
    "_left_": {
        "type": "string",
        "value": "46%"
    },
    "_margin_": [
        6,
        6,
        6,
        6
    ],
    "_padding_": [
        0,
        0,
        0,
        0
    ],
    "_skin_": "s3619eb94aae4969abb02680c80bd021",
    "_text_": "Submit",
    "_top_": {
        "type": "string",
        "value": "0%"
    },
    "_width_": {
        "type": "string",
        "value": "22%"
    },
    "canUpdateUI": true,
    "containerweight": 100,
    "contentalignment": 5,
    "displaytext": true,
    "focusskin": "s5ab860bc9964e61a7d2e6243979cfdd",
    "id": "btnSubmit",
    "ide_onClick": "AS_Button_jb696a2b25b94332b8c5d63bf6125f83",
    "info": null,
    "isvisible": true,
    "kuid": "c3beb76913344305bde38014d34f4365",
    "name": "kony.ui.Button",
    "parent": "flxButtons",
    "pf": "frmEmpUpdate",
    "wType": "Button",
    "zindex": 1
}