{
    "@class": "com.kony.gen.viz.model.component.KVizDateField",
    "DNDConfig": null,
    "Image": "calbtn.png",
    "__parentReadjusting__": false,
    "_data_": null,
    "_date_": "28/7/2017",
    "_height_": {
        "type": "string",
        "value": "36%"
    },
    "_left_": {
        "type": "string",
        "value": "0dp"
    },
    "_margin_": [
        0,
        0,
        0,
        0
    ],
    "_padding_": [
        0,
        0,
        0,
        0
    ],
    "_skin_": "s05cbd3c3c1549bf98ece7ef8596c3ac",
    "_top_": {
        "type": "string",
        "value": "38%"
    },
    "_width_": {
        "type": "string",
        "value": "61%"
    },
    "advview": "default",
    "calendaricon": "calbtn.png",
    "canUpdateUI": true,
    "containerweight": 100,
    "contentalignment": 5,
    "datecomponents": [
        28,
        7,
        2017,
        0,
        0,
        0
    ],
    "dateeditable": true,
    "dateformat": "dd/MM/yyyy",
    "day": 28,
    "daytextalignmentincell": 5,
    "format": "dd/MM/yyyy",
    "formatteddate": "28/07/2017",
    "hidedaysheader": false,
    "hidemonthsheader": false,
    "hour": 0,
    "id": "calDob",
    "info": null,
    "isvisible": true,
    "kuid": "d02a989b7f4348089e940c720d39a014",
    "minutes": 0,
    "month": 7,
    "name": "kony.ui.Calendar",
    "noofmonths": 1,
    "pagedate": "/2017",
    "parent": "flxCalDob",
    "pf": "frmEmpUpdate",
    "seconds": 0,
    "selectdate": "//2017",
    "viewtype": "default",
    "wType": "Calendar",
    "widgetalignment": 5,
    "year": 2017,
    "zindex": 1
}