{
    "DNDConfig": null,
    "__parentReadjusting__": false,
    "_height_": {
        "type": "string",
        "value": "14%"
    },
    "_left_": "0%",
    "_margin_": [
        0,
        0,
        0,
        0
    ],
    "_orientation_": 6,
    "_padding_": [
        0,
        0,
        0,
        0
    ],
    "_percent_": true,
    "_skin_": "s68b697f6eaf43ff8611c2f66b3d6428",
    "_top_": {
        "type": "string",
        "value": "55%"
    },
    "_width_": {
        "type": "string",
        "value": "100%"
    },
    "allboxes": [],
    "autogrowmode": 0,
    "canUpdateUI": true,
    "children": [
        "flxPhone",
        "flxEmail"
    ],
    "clipbounds": true,
    "containerweight": 100,
    "enablescrolling": true,
    "id": "flxC",
    "info": null,
    "isvisible": true,
    "kuid": "j138e95ecffc427f896e8c1e5dd421bb",
    "layouttype": 2,
    "name": "kony.ui.FlexContainer",
    "parent": "flxAddInfo",
    "pf": "frmEmpUpdate",
    "snapgridsize": 10,
    "snaptogrid": true,
    "wType": "FlexContainer",
    "widgetalignment": 1,
    "zindex": 1
}