{
    "DNDConfig": null,
    "__parentReadjusting__": false,
    "_height_": {
        "type": "string",
        "value": "66%"
    },
    "_left_": {
        "type": "string",
        "value": "36.43%"
    },
    "_margin_": [
        0,
        0,
        0,
        0
    ],
    "_orientation_": 6,
    "_padding_": [
        0,
        0,
        0,
        0
    ],
    "_percent_": true,
    "_skin_": "s06bb95fc0df4587bfbef4247cc65700",
    "_top_": {
        "type": "string",
        "value": "10.02%"
    },
    "_width_": {
        "type": "string",
        "value": "33%"
    },
    "allboxes": [],
    "autogrowmode": 0,
    "canUpdateUI": true,
    "centerx": {
        "type": "string",
        "value": "50%"
    },
    "centery": {
        "type": "string",
        "value": "50%"
    },
    "children": [
        "Copyflxin0c6485318f52541",
        "Copyflxin0h30370f1666243"
    ],
    "clipbounds": true,
    "containerweight": 100,
    "enablescrolling": true,
    "id": "flxout1",
    "info": null,
    "isvisible": true,
    "kuid": "gd4438dc0fbf45e985d2bdb0cb1c1cc6",
    "layouttype": 2,
    "name": "kony.ui.FlexContainer",
    "parent": "flxfailure",
    "pf": "frmEmpUpdate",
    "snapgridsize": 10,
    "snaptogrid": true,
    "wType": "FlexContainer",
    "widgetalignment": 1,
    "zindex": 1
}