{
    "@class": "com.kony.gen.viz.model.component.KVizListBox",
    "DNDConfig": null,
    "__parentReadjusting__": false,
    "_height_": {
        "type": "string",
        "value": "36%"
    },
    "_left_": {
        "type": "string",
        "value": "0.10%"
    },
    "_margin_": [
        0,
        0,
        0,
        0
    ],
    "_padding_": [
        0,
        0,
        0,
        0
    ],
    "_skin_": "s81c64be2f87499bb23dd7a8a1e99d29",
    "_top_": {
        "type": "string",
        "value": "38%"
    },
    "_width_": {
        "type": "string",
        "value": "78%"
    },
    "canUpdateUI": true,
    "containerweight": 100,
    "contentalignment": 4,
    "context": {
        "channel": "desktop",
        "formID": "frmEmpUpdate",
        "platform": "desktopweb",
        "templateType": "forms",
        "topLevelBox": null
    },
    "groupcells": false,
    "id": "lstReporting",
    "info": null,
    "isvisible": true,
    "kuid": "g916532c54df4d70b7403beccb4308f5",
    "masterdata": [
        [
            "lb1",
            "Listbox One"
        ],
        [
            "lb2",
            "Listbox Two"
        ],
        [
            "lb3",
            "Listbox Three"
        ]
    ],
    "name": "kony.ui.ListBox",
    "parent": "flxReporting",
    "pf": "frmEmpUpdate",
    "selectedkey": null,
    "selectedkeys": null,
    "selectedkeyvalue": null,
    "selectedkeyvalues": null,
    "size": 18,
    "viewconfig": {
        "toggleViewConfig": {
            "viewStyle": 0
        }
    },
    "viewtype": 0,
    "wType": "ListBox",
    "zindex": 1
}