{
    "@class": "com.kony.gen.viz.model.component.KVizListBox",
    "DNDConfig": null,
    "__parentReadjusting__": false,
    "_height_": {
        "type": "string",
        "value": "36%"
    },
    "_left_": {
        "type": "string",
        "value": "0.10%"
    },
    "_margin_": [
        0,
        0,
        0,
        0
    ],
    "_padding_": [
        0,
        0,
        0,
        0
    ],
    "_skin_": "sd5b90db28fe41158ccf46f32093591b",
    "_top_": {
        "type": "string",
        "value": "38%"
    },
    "_width_": {
        "type": "string",
        "value": "61%"
    },
    "canUpdateUI": true,
    "containerweight": 100,
    "contentalignment": 4,
    "context": {
        "channel": "desktop",
        "formID": "frmEmpUpdate",
        "platform": "desktopweb",
        "templateType": "forms",
        "topLevelBox": null
    },
    "groupcells": false,
    "id": "lstRes",
    "info": null,
    "isvisible": true,
    "kuid": "a92df0dc94524c5883e777dea55e1f0e",
    "masterdata": [
        [
            "MADPE",
            "MADPE"
        ],
        [
            "MADPL",
            "MADPL"
        ],
        [
            "MFE",
            "MFL"
        ],
        [
            "MFL",
            "MFL"
        ],
        [
            "BDE-ENGINEER",
            "BDE-ENGINEER"
        ],
        [
            "BDE-LEAD",
            "BDE-LEAD"
        ],
        [
            "MGR",
            "MGR"
        ]
    ],
    "name": "kony.ui.ListBox",
    "parent": "flxRes",
    "pf": "frmEmpUpdate",
    "selectedkey": "MADPE",
    "selectedkeys": null,
    "selectedkeyvalue": [
        "MADPE",
        "MADPE"
    ],
    "selectedkeyvalues": null,
    "size": 18,
    "viewconfig": {
        "toggleViewConfig": {
            "viewStyle": 0
        }
    },
    "viewtype": 0,
    "wType": "ListBox",
    "zindex": 1
}