{
    "@class": "com.kony.gen.viz.model.component.KVizTextBox2",
    "DNDConfig": null,
    "__markedForDelete__": true,
    "__parentReadjusting__": false,
    "_height_": {
        "type": "string",
        "value": "36%"
    },
    "_left_": {
        "type": "string",
        "value": "0.10%"
    },
    "_margin_": [
        0,
        0,
        0,
        0
    ],
    "_padding_": [
        3,
        0,
        0,
        0
    ],
    "_placeholder_": "",
    "_skin_": "se6d72a2e17d4fbabb9c8e1dc0913788",
    "_text_": "",
    "_top_": {
        "type": "string",
        "value": "38%"
    },
    "_width_": {
        "type": "string",
        "value": "61%"
    },
    "autocapitalize": "none",
    "autocomplete": false,
    "autocorrect": false,
    "autofilter": false,
    "canUpdateUI": true,
    "containerheight": "",
    "containerheightmode": 1,
    "containerweight": 100,
    "contentalignment": 4,
    "id": "tbxphone",
    "info": null,
    "isvisible": true,
    "keyboardstyle": "A",
    "keyboardtype": "A",
    "kuid": "a6b956c8798f4ce2ba40263b887c6b34",
    "maxtextlength": 6,
    "mode": "N",
    "name": "kony.ui.TextBox2",
    "parent": "flxPhone",
    "pf": "frmEmpUpdate",
    "securetextentry": false,
    "textinputmode": "N",
    "viewtype": "default",
    "wType": "TextField",
    "zindex": 1
}