{
    "@class": "com.kony.gen.viz.model.component.KVizImage2",
    "DNDConfig": null,
    "__markedForDelete__": true,
    "__parentReadjusting__": false,
    "_base64_": null,
    "_height_": {
        "type": "string",
        "value": "100%"
    },
    "_margin_": [
        0,
        0,
        0,
        0
    ],
    "_padding_": [
        0,
        0,
        0,
        0
    ],
    "_skin_": "s1062947c80d4b3b83343db8530f3848",
    "_src_": "login_account.png",
    "_top_": {
        "type": "string",
        "value": "5%"
    },
    "_width_": {
        "type": "string",
        "value": "100%"
    },
    "canUpdateUI": true,
    "centerx": {
        "type": "string",
        "value": "50%"
    },
    "containerweight": 100,
    "context": {
        "channel": "desktop",
        "formID": "frmDeleteEmployee",
        "platform": "desktopweb",
        "templateType": "forms",
        "topLevelBox": null
    },
    "id": "imgEmp",
    "imagescalemode": 1,
    "imagewhenfailed": "failed.png",
    "info": null,
    "invokedProperty": "imageWhenFailed",
    "isvisible": true,
    "kuid": "je077969924748a189a7cf557d020a6f",
    "name": "kony.ui.Image2",
    "paddinginpixel": false,
    "parent": "FlexContainer0dc3b87abe2a245",
    "pf": "frmDeleteEmployee",
    "srcType": 1,
    "wType": "Image",
    "widgetalignment": 5,
    "zindex": 1
}