{
    "@class": "com.kony.gen.viz.model.component.KVizLabel",
    "DNDConfig": null,
    "__markedForDelete__": true,
    "__parentReadjusting__": false,
    "_height_": {
        "type": "string",
        "value": "66.48%"
    },
    "_left_": {
        "type": "string",
        "value": "0.10%"
    },
    "_margin_": [
        1,
        1,
        1,
        1
    ],
    "_padding_": [
        0,
        0,
        0,
        0
    ],
    "_skin_": "s5a989ed220e4bbcb1e75bc47961aded",
    "_text_": "",
    "_top_": {
        "type": "string",
        "value": "24.45%"
    },
    "_width_": {
        "type": "string",
        "value": "50.80%"
    },
    "_wrapping_": 2,
    "android": {
        "textStyle": {
            "letterSpacing": 0,
            "strikeThrough": false
        }
    },
    "canUpdateUI": true,
    "containerweight": 100,
    "contentalignment": 4,
    "id": "lbldisAddress",
    "info": null,
    "ipad": {
        "psp": {
            "wrapping": 2
        }
    },
    "iphone": {
        "psp": {
            "wrapping": 2
        }
    },
    "isvisible": true,
    "kuid": "f99663d8d1d44a0f9f075ad35401fdcc",
    "name": "kony.ui.Label",
    "parent": "flxAddress",
    "pf": "frmDeleteEmployee",
    "tooltip": "",
    "wType": "Label",
    "zindex": 1
}