{
    "@class": "com.kony.gen.viz.model.component.KVizLabel",
    "DNDConfig": null,
    "__parentReadjusting__": false,
    "_height_": {
        "type": "string",
        "value": "36%"
    },
    "_left_": {
        "type": "string",
        "value": "0.10%"
    },
    "_margin_": [
        1,
        1,
        1,
        1
    ],
    "_padding_": [
        0,
        0,
        0,
        0
    ],
    "_skin_": "s68184054d80437b95e2f1f6a86f2d5a",
    "_text_": "",
    "_top_": {
        "type": "string",
        "value": "38%"
    },
    "_width_": {
        "type": "string",
        "value": "61%"
    },
    "_wrapping_": 2,
    "android": {
        "textStyle": {
            "letterSpacing": 0,
            "strikeThrough": false
        }
    },
    "canUpdateUI": true,
    "containerweight": 100,
    "contentalignment": 4,
    "id": "lbldisDob",
    "info": null,
    "ipad": {
        "psp": {
            "wrapping": 2
        }
    },
    "iphone": {
        "psp": {
            "wrapping": 2
        }
    },
    "isvisible": true,
    "kuid": "jf7dc5b1f9c64d3ca4c82bbecc8e054f",
    "name": "kony.ui.Label",
    "parent": "flxCalDob",
    "pf": "frmDeleteEmployee",
    "tooltip": "",
    "wType": "Label",
    "zindex": 1
}