{
    "@class": "com.kony.gen.viz.model.component.KVizLabel",
    "DNDConfig": null,
    "__parentReadjusting__": false,
    "_height_": {
        "type": "string",
        "value": "36%"
    },
    "_left_": {
        "type": "string",
        "value": "0.10%"
    },
    "_margin_": [
        1,
        1,
        1,
        1
    ],
    "_padding_": [
        0,
        0,
        0,
        0
    ],
    "_skin_": "sb74a588044c426590bc631c3e1bc1a6",
    "_text_": "",
    "_top_": {
        "type": "string",
        "value": "38%"
    },
    "_width_": {
        "type": "string",
        "value": "78%"
    },
    "_wrapping_": 2,
    "android": {
        "textStyle": {
            "letterSpacing": 0,
            "strikeThrough": false
        }
    },
    "canUpdateUI": true,
    "containerweight": 100,
    "contentalignment": 4,
    "id": "lbldisReporting",
    "info": null,
    "ipad": {
        "psp": {
            "wrapping": 2
        }
    },
    "iphone": {
        "psp": {
            "wrapping": 2
        }
    },
    "isvisible": true,
    "kuid": "b792c4f8c2104e219ca431e6a670dc35",
    "name": "kony.ui.Label",
    "parent": "flxReporting",
    "pf": "frmDeleteEmployee",
    "tooltip": "",
    "wType": "Label",
    "zindex": 1
}