{
    "@class": "com.kony.gen.viz.model.container.KVizSegment2",
    "DNDConfig": null,
    "__markedForDelete__": true,
    "__parentReadjusting__": false,
    "_data_": [
        {
            "Label0ha329695af6445": {
                "@class": "com.viz.ide.model.segment.SimpleTextSegmentData",
                "text": "Dashboard "
            }
        },
        {
            "Label0ha329695af6445": {
                "@class": "com.viz.ide.model.segment.SimpleTextSegmentData",
                "text": "Add Employee "
            }
        },
        {
            "Label0ha329695af6445": {
                "@class": "com.viz.ide.model.segment.SimpleTextSegmentData",
                "text": "Delete Employee"
            }
        },
        {
            "Label0ha329695af6445": {
                "@class": "com.viz.ide.model.segment.SimpleTextSegmentData",
                "text": "Update Employee"
            }
        },
        {
            "Label0ha329695af6445": {
                "@class": "com.viz.ide.model.segment.SimpleTextSegmentData",
                "text": "Add Shift "
            }
        },
        {
            "Label0ha329695af6445": {
                "@class": "com.viz.ide.model.segment.SimpleTextSegmentData",
                "text": "Edit Shift"
            }
        },
        {
            "Label0ha329695af6445": {
                "@class": "com.viz.ide.model.segment.SimpleTextSegmentData",
                "text": "Swap And Mark Leave"
            }
        },
        {
            "Label0ha329695af6445": {
                "@class": "com.viz.ide.model.segment.SimpleTextSegmentData",
                "text": "Request Approval"
            }
        }
    ],
    "_height_": {
        "type": "string",
        "value": "100%"
    },
    "_indicator_": "none",
    "_left_": {
        "type": "string",
        "value": "0%"
    },
    "_margin_": [
        0,
        0,
        0,
        0
    ],
    "_orientation_": 2,
    "_padding_": [
        0,
        0,
        0,
        0
    ],
    "_top_": {
        "type": "string",
        "value": "0%"
    },
    "_width_": {
        "type": "string",
        "value": "100%"
    },
    "autogrowmode": 0,
    "canUpdateUI": true,
    "containerweight": 100,
    "counter": "07",
    "focusedindex": null,
    "focuseditem": null,
    "groupcells": false,
    "hasSections": false,
    "id": "segOptions",
    "ide_onRowClick": "AS_Segment_ff7b0e987c9043368c78dd61cbc1aa59",
    "info": null,
    "ipad": {
        "psp": {
            "indicator": "rowselect"
        }
    },
    "iphone": {
        "psp": {
            "indicator": "rowselect"
        }
    },
    "isvisible": true,
    "kuid": "ac85c0644bcf4987abbd0fb132058948",
    "masterdata": {},
    "name": "kony.ui.SegmentedUI2",
    "needpageindicator": true,
    "pageoffdotimage": "pageoffdot.png",
    "pageondotimage": "pageondot.png",
    "paginationconfig": {
        "position": "bottom"
    },
    "parent": "flxMenu",
    "pf": "frmDeleteEmployee",
    "retainselection": false,
    "rowTemplateId": "g1c5668e3c5d4e899fb71f410954e644",
    "rowcounter": 7,
    "rowfocusskin": "sc56979e66b64cb1a74644479a1ffd3e",
    "rowskin": "s4f9cb2d77954de58f5947b099de0f98",
    "rowtemplate": "FlexContainer0af489fb5041843",
    "screenlevelwidget": false,
    "seccounter": 0,
    "sectionHeaderTemplateId": null,
    "sectionheaderskin": "sd13d501339f45879b0cdd9acf089613",
    "selectedRows": null,
    "selectedState": false,
    "selectedindex": null,
    "selectedindices": null,
    "selecteditems": null,
    "selectedsectionindex": 0,
    "selectionbehavior": "default",
    "separatorcolor": "64646400",
    "separatorrequired": true,
    "separatorthickness": 0,
    "showscrollbars": false,
    "viewtype": "tableview",
    "wType": "Segment",
    "widgetalignment": 5,
    "widgetdatamap": {
        "FlexContainer0af489fb5041843": "FlexContainer0af489fb5041843",
        "Label0ha329695af6445": "Label0ha329695af6445"
    },
    "zindex": 5
}