{
    "@class": "com.kony.gen.viz.model.component.KVizTextBox2",
    "DNDConfig": null,
    "__markedForDelete__": true,
    "__parentReadjusting__": false,
    "_height_": {
        "type": "string",
        "value": "36%"
    },
    "_left_": {
        "type": "string",
        "value": "0.10%"
    },
    "_margin_": [
        0,
        0,
        0,
        0
    ],
    "_padding_": [
        3,
        0,
        0,
        0
    ],
    "_placeholder_": "",
    "_skin_": "se6d72a2e17d4fbabb9c8e1dc0913788",
    "_text_": "",
    "_top_": {
        "type": "string",
        "value": "38%"
    },
    "_width_": {
        "type": "string",
        "value": "61%"
    },
    "autocapitalize": "none",
    "autocomplete": false,
    "autocorrect": false,
    "autofilter": false,
    "canUpdateUI": true,
    "containerheight": "",
    "containerheightmode": 1,
    "containerweight": 100,
    "contentalignment": 4,
    "desktopweb": {
        "ide_onBeginEditing": "AS_TextField_ef4afb116f7b4a96a5e34a88866e1253"
    },
    "id": "tbxId",
    "ide_onDone": "AS_TextField_jbb2f0fe935a4baa9ebc0c5bc4383317",
    "info": null,
    "isvisible": true,
    "keyboardtype": "A",
    "kuid": "c986383117a148b8852a86ea765fd2d4",
    "maxtextlength": 6,
    "mode": "A",
    "name": "kony.ui.TextBox2",
    "parent": "flxId",
    "pf": "frmDeleteEmployee",
    "securetextentry": false,
    "textinputmode": "A",
    "viewtype": "default",
    "wType": "TextField",
    "zindex": 1
}