{
    "@class": "com.kony.gen.viz.model.component.KVizButton",
    "DNDConfig": null,
    "__parentReadjusting__": false,
    "_height_": {
        "type": "string",
        "value": "10%"
    },
    "_left_": {
        "type": "string",
        "value": "40%"
    },
    "_margin_": [
        6,
        6,
        6,
        6
    ],
    "_padding_": [
        0,
        0,
        0,
        0
    ],
    "_skin_": "s1c95a0dcddd423aab9594ebab897628",
    "_text_": "Submit for Week Swap",
    "_top_": {
        "type": "string",
        "value": "80%"
    },
    "_width_": {
        "type": "string",
        "value": "30%"
    },
    "canUpdateUI": true,
    "centerx": {
        "type": "string",
        "value": "50%"
    },
    "containerweight": 100,
    "contentalignment": 5,
    "displaytext": true,
    "focusskin": "sd69ab3ac7e043c483b2d60e276082e5",
    "id": "btnSubmitSwap",
    "ide_onClick": "AS_Button_iba2a26e1dc141d4affc7d18b69a981f",
    "info": null,
    "isvisible": true,
    "kuid": "a2dd96739a544a12b95ab494fc193fbb",
    "name": "kony.ui.Button",
    "parent": "flxSwap",
    "pf": "frmEdit",
    "wType": "Button",
    "zindex": 1
}