{
    "@class": "com.kony.gen.viz.model.component.KVizButton",
    "DNDConfig": null,
    "__parentReadjusting__": false,
    "_height_": {
        "type": "string",
        "value": "10%"
    },
    "_left_": {
        "type": "string",
        "value": "47.95%"
    },
    "_margin_": [
        6,
        6,
        6,
        6
    ],
    "_padding_": [
        0,
        0,
        0,
        0
    ],
    "_skin_": "s1c95a0dcddd423aab9594ebab897628",
    "_text_": "Change",
    "_top_": {
        "type": "string",
        "value": "71.19%"
    },
    "_width_": {
        "type": "string",
        "value": "30%"
    },
    "canUpdateUI": true,
    "containerweight": 100,
    "contentalignment": 5,
    "displaytext": true,
    "focusskin": "s587493a9f244e938b609a96bb20ab0e",
    "id": "btnSubmitLeave",
    "ide_onClick": "AS_Button_d4eb1eaa622347c588aeb72982dcc109",
    "info": null,
    "isvisible": true,
    "kuid": "d34c2bff662d4eee96ef758017da1136",
    "name": "kony.ui.Button",
    "parent": "flxLeave",
    "pf": "frmEdit",
    "wType": "Button",
    "zindex": 1
}