{
    "@class": "com.kony.gen.viz.model.component.KVizDateField",
    "DNDConfig": null,
    "Image": "calbtn.png",
    "__id": "frmEdit_cal",
    "__input": "cal",
    "__parentReadjusting__": false,
    "_data_": null,
    "_date_": "31/7/2017",
    "_height_": {
        "type": "string",
        "value": "10%"
    },
    "_margin_": [
        0,
        0,
        0,
        0
    ],
    "_padding_": [
        0,
        0,
        0,
        0
    ],
    "_skin_": "s48343223c4a4b63b505751195d28bf6",
    "_top_": {
        "type": "string",
        "value": "38.96%"
    },
    "_width_": {
        "type": "string",
        "value": "30%"
    },
    "advview": "default",
    "calendaricon": "calbtn.png",
    "canUpdateUI": true,
    "centerx": {
        "type": "string",
        "value": "23.47%"
    },
    "containerweight": 100,
    "contentalignment": 5,
    "datecomponents": [
        31,
        7,
        2017,
        0,
        0,
        0
    ],
    "dateeditable": true,
    "dateformat": "dd/MM/yyyy",
    "datesGroup": [],
    "datesState": 0,
    "day": 31,
    "daytextalignmentincell": 5,
    "displayedMonths": [
        7,
        2017
    ],
    "entereddate": [
        31,
        7,
        2017,
        0,
        0,
        0
    ],
    "format": "dd/MM/yyyy",
    "formatteddate": "31/07/2017",
    "hidedaysheader": false,
    "hidemonthsheader": false,
    "hour": 0,
    "id": "cal",
    "ide_onSelection": "AS_Calendar_d86095d2e0fa49c0ad88d6f788c432fb",
    "info": null,
    "isvisible": true,
    "kuid": "eb2e8cfbdc9644d5b9cb98e714081f3b",
    "minutes": 0,
    "month": 7,
    "monthsinrow": 3,
    "name": "kony.ui.Calendar",
    "navigatorAlert": "Invalid Selection",
    "noofmonths": 1,
    "pagedate": "/2017",
    "parent": "flxLeave",
    "pf": "frmEdit",
    "popupHeight": "auto",
    "popupWidth": "auto",
    "seconds": 0,
    "selectdate": "//2017",
    "startDay": 0,
    "viewtype": "default",
    "wType": "Calendar",
    "widgetalignment": 5,
    "widths": [
        "14.2857%;",
        "14.2857%;",
        "14.2857%;",
        "14.2857%;",
        "14.2857%;",
        "14.2857%;",
        "14.2857%;"
    ],
    "year": 2017,
    "zindex": 1
}