{
    "@class": "com.kony.gen.viz.model.component.KVizDateField",
    "DNDConfig": null,
    "Image": "calbtn.png",
    "__parentReadjusting__": false,
    "_data_": null,
    "_date_": "31/7/2017",
    "_height_": {
        "type": "string",
        "value": "10%"
    },
    "_left_": {
        "type": "string",
        "value": "60%"
    },
    "_margin_": [
        0,
        0,
        0,
        0
    ],
    "_padding_": [
        0,
        0,
        0,
        0
    ],
    "_skin_": "sfe847f0a14e4c59ad7e49bcbc50fdf1",
    "_top_": {
        "type": "string",
        "value": "40%"
    },
    "_width_": {
        "type": "string",
        "value": "30%"
    },
    "advview": "default",
    "calendaricon": "calbtn.png",
    "canUpdateUI": true,
    "containerweight": 100,
    "contentalignment": 5,
    "datecomponents": [
        31,
        7,
        2017,
        0,
        0,
        0
    ],
    "dateeditable": true,
    "dateformat": "dd/MM/yyyy",
    "day": 31,
    "daytextalignmentincell": 5,
    "format": "dd/MM/yyyy",
    "formatteddate": "31/07/2017",
    "hidedaysheader": false,
    "hidemonthsheader": false,
    "hour": 0,
    "id": "calDate",
    "info": null,
    "isvisible": true,
    "kuid": "ff68a10148304b33979d9ea67ed634be",
    "minutes": 0,
    "month": 7,
    "name": "kony.ui.Calendar",
    "noofmonths": 1,
    "pagedate": "/2017",
    "parent": "flxSwap",
    "pf": "frmEdit",
    "seconds": 0,
    "selectdate": "//2017",
    "viewtype": "default",
    "wType": "Calendar",
    "widgetalignment": 5,
    "year": 2017,
    "zindex": 1
}