{
    "@class": "com.kony.gen.viz.model.component.KVizButton",
    "DNDConfig": null,
    "__parentReadjusting__": false,
    "_height_": {
        "type": "string",
        "value": "10%"
    },
    "_left_": {
        "type": "string",
        "value": "72%"
    },
    "_margin_": [
        6,
        6,
        6,
        6
    ],
    "_padding_": [
        0,
        0,
        0,
        0
    ],
    "_skin_": "s1c95a0dcddd423aab9594ebab897628",
    "_text_": "Submit for Day Swap",
    "_top_": {
        "type": "string",
        "value": "80.00%"
    },
    "_width_": {
        "type": "string",
        "value": "30%"
    },
    "canUpdateUI": true,
    "centerx": {
        "type": "string",
        "value": "83.00%"
    },
    "containerweight": 100,
    "contentalignment": 5,
    "displaytext": true,
    "focusskin": "sd69ab3ac7e043c483b2d60e276082e5",
    "id": "CopybtnSubmitSwap0i10a9c058bb54e",
    "ide_onClick": "AS_Button_cad020a358b64a8397858e4381d7b38b",
    "info": null,
    "isvisible": true,
    "kuid": "hae5eb007bb84f05afa4e8b273d1c066",
    "name": "kony.ui.Button",
    "parent": "flxSwap",
    "pf": "frmEdit",
    "wType": "Button",
    "zindex": 1
}