{
    "@class": "com.kony.gen.viz.model.component.KVizLabel",
    "DNDConfig": null,
    "__parentReadjusting__": false,
    "_height_": {
        "type": "string",
        "value": "10%"
    },
    "_left_": {
        "type": "string",
        "value": "60%"
    },
    "_margin_": [
        1,
        1,
        1,
        1
    ],
    "_padding_": [
        0,
        0,
        0,
        0
    ],
    "_skin_": "sd86839d392c4ec7bd1e68c12bd18733",
    "_text_": "Select Date",
    "_top_": {
        "type": "string",
        "value": "28.89%"
    },
    "_width_": {
        "type": "string",
        "value": "25.05%"
    },
    "_wrapping_": 2,
    "android": {
        "textStyle": {
            "letterSpacing": 0,
            "strikeThrough": false
        }
    },
    "canUpdateUI": true,
    "centerx": {
        "type": "string",
        "value": "22.53%"
    },
    "containerweight": 100,
    "contentalignment": 5,
    "id": "CopylblEmpName0e197a9eafb2049",
    "info": null,
    "ipad": {
        "psp": {
            "wrapping": 2
        }
    },
    "iphone": {
        "psp": {
            "wrapping": 2
        }
    },
    "isvisible": true,
    "kuid": "fe66724ec85743c49851d40bb2220f77",
    "name": "kony.ui.Label",
    "parent": "flxLeave",
    "pf": "frmEdit",
    "tooltip": "",
    "wType": "Label",
    "zindex": 1
}