{
    "@class": "com.kony.gen.viz.model.component.KVizLabel",
    "DNDConfig": null,
    "__parentReadjusting__": false,
    "_height_": {
        "type": "string",
        "value": "10%"
    },
    "_left_": {
        "type": "string",
        "value": "0%"
    },
    "_margin_": [
        1,
        1,
        1,
        1
    ],
    "_padding_": [
        0,
        0,
        0,
        0
    ],
    "_skin_": "sd86839d392c4ec7bd1e68c12bd18733",
    "_text_": "Mark",
    "_top_": {
        "type": "string",
        "value": "38.82%"
    },
    "_width_": {
        "type": "string",
        "value": "11.15%"
    },
    "_wrapping_": 2,
    "android": {
        "textStyle": {
            "letterSpacing": 0,
            "strikeThrough": false
        }
    },
    "canUpdateUI": true,
    "centerx": {
        "type": "string",
        "value": "53.57%"
    },
    "containerweight": 100,
    "contentalignment": 5,
    "id": "CopylblEmpName0f29910c6da9146",
    "info": null,
    "ipad": {
        "psp": {
            "wrapping": 2
        }
    },
    "iphone": {
        "psp": {
            "wrapping": 2
        }
    },
    "isvisible": true,
    "kuid": "c3c161cca1ec42fe978649e6b57d3e92",
    "name": "kony.ui.Label",
    "parent": "flxLeave",
    "pf": "frmEdit",
    "tooltip": "",
    "wType": "Label",
    "zindex": 1
}