{
    "DNDConfig": null,
    "__parentReadjusting__": false,
    "_height_": {
        "type": "string",
        "value": "100%"
    },
    "_left_": {
        "type": "string",
        "value": "0.02%"
    },
    "_margin_": [
        0,
        0,
        0,
        0
    ],
    "_orientation_": 6,
    "_padding_": [
        0,
        0,
        0,
        0
    ],
    "_percent_": true,
    "_skin_": "s0b94f8c75e64c0d8ddd9616f2b95a58",
    "_top_": {
        "type": "string",
        "value": "0.00%"
    },
    "_width_": {
        "type": "string",
        "value": "100%"
    },
    "allboxes": [],
    "autogrowmode": 0,
    "canUpdateUI": true,
    "children": [
        "radioButtonSwap",
        "flxSwap",
        "flxLeave",
        "flxCalendar",
        "flxHeading"
    ],
    "clipbounds": true,
    "containerweight": 100,
    "enablescrolling": true,
    "id": "flxContent",
    "ide_onTouchStart": "AS_FlexContainer_h1bad2825f3c425898b092027544209b",
    "info": null,
    "isvisible": true,
    "kuid": "bfd24257544544dab9ce8b0d62deb761",
    "layouttype": 2,
    "name": "kony.ui.FlexContainer",
    "parent": "frmEdit",
    "pf": "frmEdit",
    "snapgridsize": 10,
    "snaptogrid": true,
    "wType": "FlexContainer",
    "widgetalignment": 1,
    "zindex": 1
}