{
    "@class": "com.kony.gen.viz.model.container.KVizScrollFlexForm",
    "DNDConfig": null,
    "_margin_": [
        0,
        0,
        0,
        0
    ],
    "_orientation_": 1,
    "_padding_": [
        0,
        0,
        0,
        0
    ],
    "_percent_": true,
    "_skin_": "s6cf8184a08441608ce28e53c1924edd",
    "_title_": null,
    "addWidgetsdone": false,
    "allboxes": [],
    "android": {
        "psp": {
            "windowSoftInputMode": 2
        }
    },
    "canUpdateUI": true,
    "canvasWidth": 1400,
    "children": [
        "flxContent",
        "btnAckShiftSwap",
        "flxsuccess",
        "flxfailure"
    ],
    "containerweight": 100,
    "controllerInfo": {
        "default": {
            "channel": "desktop"
        }
    },
    "currentLocale": "default",
    "desktopweb": {
        "needAppMenu": false
    },
    "device": "desktopweb",
    "displayorientation": 1,
    "enabledforidletimeout": false,
    "footer": "frmEdit_footer",
    "footersId": "c77c9c2cfd034cfa814ceeb53c8d5fb8",
    "header": "frmEdit_header",
    "headersId": "ff5c142cc320495fb72bfa457d7535ed",
    "id": "frmEdit",
    "ide_init": "AS_Form_ec87b04c15c84ffba7defa217be56c95",
    "ide_postShow": "AS_Form_ad3a7b4a0511414ebbc44eb5a38214e7",
    "ide_preShow": "AS_Form_db0d4279426f436bb1bd70adde330234",
    "info": null,
    "initdone": false,
    "inputaccessoryviewtype": 4,
    "invokedProperty": "footers",
    "ipad": {
        "psp": {
            "inputAccessoryViewType": 4
        }
    },
    "iphone": {
        "psp": {
            "inputAccessoryViewType": 4
        }
    },
    "isvisible": true,
    "kuid": "dea686ce25d44d739162b12681a330c6",
    "layouttype": 2,
    "name": "kony.ui.Form2",
    "needappmenu": true,
    "paddinginpixel": false,
    "platform": "desktopweb",
    "prevDevice": "desktopweb",
    "prevPlatform": "desktopweb",
    "retainscrollposition": false,
    "shellCSS": "desktop",
    "snapgridsize": 10,
    "snaptogrid": true,
    "titleBarSkin": "s52db23d863d42d7905935308cfa3d9d",
    "titlebar": true,
    "type": 3,
    "wType": "Form"
}