{
    "@class": "com.kony.gen.viz.model.component.KVizImage2",
    "DNDConfig": null,
    "__parentReadjusting__": false,
    "_base64_": null,
    "_height_": {
        "type": "string",
        "value": "35px"
    },
    "_left_": {
        "type": "string",
        "value": "47.90%"
    },
    "_margin_": [
        0,
        0,
        0,
        0
    ],
    "_padding_": [
        0,
        0,
        0,
        0
    ],
    "_skin_": "sb54f799ae48460395f99d32c977ebfe",
    "_src_": "mricon.png",
    "_top_": {
        "type": "string",
        "value": "11.16%"
    },
    "_width_": {
        "type": "string",
        "value": "29px"
    },
    "canUpdateUI": true,
    "containerweight": 100,
    "context": {
        "channel": "desktop",
        "formID": "frmEdit",
        "platform": "desktopweb",
        "templateType": "forms",
        "topLevelBox": null
    },
    "id": "imgMr",
    "imagescalemode": 1,
    "info": null,
    "isvisible": true,
    "kuid": "icb6c2ef902749dfbd8611be96ebcc9b",
    "name": "kony.ui.Image2",
    "parent": "flxSwap",
    "pf": "frmEdit",
    "srcType": 1,
    "wType": "Image",
    "widgetalignment": 5,
    "zindex": 1
}