{
    "@class": "com.kony.gen.viz.model.component.KVizListBox",
    "DNDConfig": null,
    "__parentReadjusting__": false,
    "_height_": {
        "type": "string",
        "value": "10%"
    },
    "_left_": {
        "type": "string",
        "value": "62.01%"
    },
    "_margin_": [
        0,
        0,
        0,
        0
    ],
    "_padding_": [
        0,
        0,
        0,
        0
    ],
    "_skin_": "s1d6a1c20049408e8276d9da7e9c0488",
    "_top_": {
        "type": "string",
        "value": "38.90%"
    },
    "_width_": {
        "type": "string",
        "value": "10%"
    },
    "canUpdateUI": true,
    "containerweight": 100,
    "contentalignment": 4,
    "context": {
        "channel": "desktop",
        "formID": "frmEdit",
        "platform": "desktopweb",
        "templateType": "forms",
        "topLevelBox": null
    },
    "groupcells": false,
    "id": "lbxAbPre",
    "info": null,
    "isvisible": true,
    "kuid": "e27f5fc553ff46bc83cdd8d389868e16",
    "masterdata": [
        [
            "ab",
            "ab"
        ],
        [
            "pre",
            "pre"
        ],
        [
            "Public Holiday",
            "Public Holiday"
        ]
    ],
    "name": "kony.ui.ListBox",
    "parent": "flxLeave",
    "pf": "frmEdit",
    "selectedkeys": null,
    "selectedkeyvalue": null,
    "selectedkeyvalues": null,
    "size": 18,
    "viewconfig": {
        "toggleViewConfig": {
            "viewStyle": 0
        }
    },
    "viewtype": 0,
    "wType": "ListBox",
    "zindex": 1
}