{
    "@class": "com.kony.gen.viz.model.component.KVizRadio",
    "DNDConfig": null,
    "__parentReadjusting__": false,
    "_height_": {
        "type": "string",
        "value": "4%"
    },
    "_left_": {
        "type": "string",
        "value": "42.86%"
    },
    "_margin_": [
        0,
        0,
        0,
        0
    ],
    "_padding_": [
        0,
        0,
        0,
        0
    ],
    "_skin_": "s6191442146f4fda8390a2cbfb0b1b6f",
    "_top_": {
        "type": "string",
        "value": "14%"
    },
    "_width_": {
        "type": "string",
        "value": "30%"
    },
    "android": {
        "psp": {
            "viewType": 0
        }
    },
    "canUpdateUI": true,
    "containerweight": 100,
    "groupcells": false,
    "id": "radioButtonSwap",
    "ide_onSelection": "AS_RadioButtonGroup_hb0bb6e03d0041cf876c2cb0166c2fbe",
    "info": null,
    "ipad": {
        "psp": {
            "viewType": 0
        }
    },
    "iphone": {
        "psp": {
            "viewType": 0
        }
    },
    "isvisible": true,
    "itemorientation": "horizontal",
    "kuid": "d40c572e7eb6446c8ea2943c8c5df2bd",
    "masterdata": [
        [
            "r1",
            "Swap Shifts"
        ],
        [
            "r2",
            "Mark Leave"
        ]
    ],
    "name": "kony.ui.RadioButtonGroup",
    "parent": "flxContent",
    "pf": "frmEdit",
    "selectedkey": "r1",
    "selectedkeyvalue": [
        "r1",
        "Swap Shifts"
    ],
    "size": 18,
    "viewconfig": {
        "toggleViewConfig": {
            "viewStyle": 0
        }
    },
    "viewtype": 0,
    "wType": "RadioButtonGroup",
    "widgetalignment": 5,
    "zindex": 1
}