{
    "@class": "com.kony.gen.viz.model.component.KVizTextBox2",
    "DNDConfig": null,
    "__parentReadjusting__": false,
    "_height_": {
        "type": "string",
        "value": "10%"
    },
    "_left_": {
        "type": "string",
        "value": "60%"
    },
    "_margin_": [
        0,
        0,
        0,
        0
    ],
    "_padding_": [
        3,
        0,
        0,
        0
    ],
    "_placeholder_": "Employee ID 2",
    "_skin_": "s7cccdddefcc48f68f47c43f58d7bc09",
    "_text_": "",
    "_top_": {
        "type": "string",
        "value": "10%"
    },
    "_width_": {
        "type": "string",
        "value": "30%"
    },
    "autocapitalize": "none",
    "autocomplete": false,
    "autocorrect": false,
    "autofilter": false,
    "canUpdateUI": true,
    "containerheight": "",
    "containerheightmode": 1,
    "containerweight": 100,
    "contentalignment": 4,
    "id": "tbxEmpid2",
    "ide_onDone": "AS_TextField_ec2c0ed9e6cc4eacb8acf1700c86f33f",
    "info": null,
    "isvisible": true,
    "keyboardtype": "A",
    "kiosk": {
        "psp": {
            "autoFilter": false
        }
    },
    "kuid": "ba998379b37842af969a5f3d1b4930f1",
    "maxtextlength": 6,
    "mode": "A",
    "name": "kony.ui.TextBox2",
    "parent": "flxSwap",
    "pf": "frmEdit",
    "securetextentry": false,
    "textinputmode": "A",
    "viewtype": "default",
    "wType": "TextField",
    "zindex": 1
}