<?xml version="1.0" encoding="UTF-8" standalone="yes"?>
<service serviceGroup="" cachable="false" cacheduration="" endpoint="default" groupType="" id="delete_emp_update" passwordencrypted="false" security="authorized_app" type="dataAdapterConnector" smscode="" smsenabled="false">
    <service-config>
        <config-param api-version="" appid="" name="preprocessorname" value=""/>
        <config-param api-version="" appid="" name="postprocessorname" value=""/>
        <config-param api-version="" appid="" name="preprocessorJS" value=""/>
        <config-param api-version="" appid="" name="postprocessorJS" value=""/>
        <config-param api-version="" appid="" name="endpointUrl" value=""/>
        <config-param api-version="" appid="" name="jdbc_driver" value="com.mysql.jdbc.Driver"/>
        <config-param api-version="" appid="" name="jdbc_address" value="jdbc:mysql://localhost:3306/csedatabase"/>
        <config-param api-version="" appid="" name="opcode" value="update"/>
        <config-param api-version="" appid="" name="adaptertype" value="KONY_DATABASE"/>
        <config-param api-version="" appid="" name="sockettimeout" value=""/>
        <config-param api-version="" appid="" name="entitymetadata" value="{&quot;tablemetadata&quot;:{&quot;schema&quot;:&quot;csedatabase&quot;,&quot;primaryKeyMetaData&quot;:[{&quot;fieldmetadata&quot;:{&quot;jdbcTypeName&quot;:&quot;VARCHAR&quot;,&quot;isUpdatable&quot;:false,&quot;jdbcType&quot;:12,&quot;isNullable&quot;:false,&quot;precision&quot;:0,&quot;name&quot;:&quot;EmployeeID&quot;,&quot;isPrimaryKey&quot;:true,&quot;type&quot;:&quot;STRING&quot;,&quot;isCreatable&quot;:true,&quot;isAutoGenerated&quot;:false}}],&quot;fieldmetadatalist&quot;:[{&quot;fieldmetadata&quot;:{&quot;jdbcTypeName&quot;:&quot;VARCHAR&quot;,&quot;isUpdatable&quot;:false,&quot;jdbcType&quot;:12,&quot;isNullable&quot;:false,&quot;precision&quot;:0,&quot;name&quot;:&quot;EmployeeID&quot;,&quot;isPrimaryKey&quot;:true,&quot;type&quot;:&quot;STRING&quot;,&quot;isCreatable&quot;:true,&quot;isAutoGenerated&quot;:false}},{&quot;fieldmetadata&quot;:{&quot;jdbcTypeName&quot;:&quot;VARCHAR&quot;,&quot;isUpdatable&quot;:true,&quot;jdbcType&quot;:12,&quot;isNullable&quot;:false,&quot;precision&quot;:0,&quot;name&quot;:&quot;EmpName&quot;,&quot;isPrimaryKey&quot;:false,&quot;type&quot;:&quot;STRING&quot;,&quot;isCreatable&quot;:true,&quot;isAutoGenerated&quot;:false}},{&quot;fieldmetadata&quot;:{&quot;jdbcTypeName&quot;:&quot;VARCHAR&quot;,&quot;isUpdatable&quot;:true,&quot;jdbcType&quot;:12,&quot;isNullable&quot;:true,&quot;precision&quot;:0,&quot;name&quot;:&quot;EmpDesignation&quot;,&quot;isPrimaryKey&quot;:false,&quot;type&quot;:&quot;STRING&quot;,&quot;isCreatable&quot;:true,&quot;isAutoGenerated&quot;:false}},{&quot;fieldmetadata&quot;:{&quot;jdbcTypeName&quot;:&quot;VARCHAR&quot;,&quot;isUpdatable&quot;:true,&quot;jdbcType&quot;:12,&quot;isNullable&quot;:true,&quot;precision&quot;:0,&quot;name&quot;:&quot;EmpResType&quot;,&quot;isPrimaryKey&quot;:false,&quot;type&quot;:&quot;STRING&quot;,&quot;isCreatable&quot;:true,&quot;isAutoGenerated&quot;:false}},{&quot;fieldmetadata&quot;:{&quot;jdbcTypeName&quot;:&quot;VARCHAR&quot;,&quot;isUpdatable&quot;:true,&quot;jdbcType&quot;:12,&quot;isNullable&quot;:false,&quot;precision&quot;:0,&quot;name&quot;:&quot;EmpPhoNo&quot;,&quot;isPrimaryKey&quot;:false,&quot;type&quot;:&quot;STRING&quot;,&quot;isCreatable&quot;:true,&quot;isAutoGenerated&quot;:false}},{&quot;fieldmetadata&quot;:{&quot;jdbcTypeName&quot;:&quot;VARCHAR&quot;,&quot;isUpdatable&quot;:true,&quot;jdbcType&quot;:12,&quot;isNullable&quot;:true,&quot;precision&quot;:0,&quot;name&quot;:&quot;EmpAdress&quot;,&quot;isPrimaryKey&quot;:false,&quot;type&quot;:&quot;STRING&quot;,&quot;isCreatable&quot;:true,&quot;isAutoGenerated&quot;:false}},{&quot;fieldmetadata&quot;:{&quot;jdbcTypeName&quot;:&quot;VARCHAR&quot;,&quot;isUpdatable&quot;:true,&quot;jdbcType&quot;:12,&quot;isNullable&quot;:true,&quot;precision&quot;:0,&quot;name&quot;:&quot;Active&quot;,&quot;isPrimaryKey&quot;:false,&quot;type&quot;:&quot;STRING&quot;,&quot;isCreatable&quot;:true,&quot;isAutoGenerated&quot;:false}},{&quot;fieldmetadata&quot;:{&quot;jdbcTypeName&quot;:&quot;BLOB&quot;,&quot;isUpdatable&quot;:true,&quot;jdbcType&quot;:-4,&quot;isNullable&quot;:true,&quot;precision&quot;:0,&quot;name&quot;:&quot;empimg&quot;,&quot;isPrimaryKey&quot;:false,&quot;type&quot;:&quot;BINARY&quot;,&quot;isCreatable&quot;:true,&quot;isAutoGenerated&quot;:false}}],&quot;isView&quot;:false,&quot;catalog&quot;:&quot;csedatabase&quot;,&quot;originalSchema&quot;:&quot;csedatabase&quot;,&quot;name&quot;:&quot;empdetails&quot;}}"/>
        <config-param api-version="" appid="" name="user" value="shiftroster"/>
        <config-param api-version="" appid="" name="password" value="Kony$$123"/>
    </service-config>
    <service-input passthrough="false">
        <param datatype="string" defaultvalue="" description="" encode="true" format="None" formatvalue="" name="EmployeeID" order="" passnull="false" sms-name="" src="request" sourcevalue="" srcformatvalue="" target="request" targetdatatype="java.lang.String" testvalue="" value="">
            <accessType></accessType>
        </param>
        <param datatype="string" defaultvalue="" description="" encode="true" format="None" formatvalue="" name="EmpName" order="" passnull="false" sms-name="" src="request" sourcevalue="" srcformatvalue="" target="request" targetdatatype="java.lang.String" testvalue="" value="">
            <accessType></accessType>
        </param>
        <param datatype="string" defaultvalue="" description="" encode="true" format="None" formatvalue="" name="EmpDesignation" order="" passnull="false" sms-name="" src="request" sourcevalue="" srcformatvalue="" target="request" targetdatatype="java.lang.String" testvalue="" value="">
            <accessType></accessType>
        </param>
        <param datatype="string" defaultvalue="" description="" encode="true" format="None" formatvalue="" name="EmpResType" order="" passnull="false" sms-name="" src="request" sourcevalue="" srcformatvalue="" target="request" targetdatatype="java.lang.String" testvalue="" value="">
            <accessType></accessType>
        </param>
        <param datatype="string" defaultvalue="" description="" encode="true" format="None" formatvalue="" name="EmpPhoNo" order="" passnull="false" sms-name="" src="request" sourcevalue="" srcformatvalue="" target="request" targetdatatype="java.lang.String" testvalue="" value="">
            <accessType></accessType>
        </param>
        <param datatype="string" defaultvalue="" description="" encode="true" format="None" formatvalue="" name="EmpAdress" order="" passnull="false" sms-name="" src="request" sourcevalue="" srcformatvalue="" target="request" targetdatatype="java.lang.String" testvalue="" value="">
            <accessType></accessType>
        </param>
        <param datatype="string" defaultvalue="" description="" encode="true" format="None" formatvalue="" name="Active" order="" passnull="false" sms-name="" src="request" sourcevalue="" srcformatvalue="" target="request" targetdatatype="java.lang.String" testvalue="" value="">
            <accessType></accessType>
        </param>
        <param datatype="string" defaultvalue="" description="" encode="true" format="None" formatvalue="" name="empimg" order="" passnull="false" sms-name="" src="request" sourcevalue="" srcformatvalue="" target="request" targetdatatype="java.lang.String" testvalue="" value="">
            <accessType></accessType>
        </param>
    </service-input>
    <service-output passthrough="false"/>
</service>
