<?xml version="1.0" encoding="UTF-8" standalone="yes"?>
<service serviceGroup="" cachable="false" cacheduration="" endpoint="default" groupType="" id="masterdata_update" passwordencrypted="false" security="authorized_app" type="dataAdapterConnector" smscode="" smsenabled="false">
    <service-config>
        <config-param api-version="" appid="" name="preprocessorname" value=""/>
        <config-param api-version="" appid="" name="postprocessorname" value=""/>
        <config-param api-version="" appid="" name="preprocessorJS" value=""/>
        <config-param api-version="" appid="" name="postprocessorJS" value=""/>
        <config-param api-version="" appid="" name="endpointUrl" value=""/>
        <config-param api-version="" appid="" name="jdbc_driver" value="com.mysql.jdbc.Driver"/>
        <config-param api-version="" appid="" name="jdbc_address" value="jdbc:mysql://localhost:3306/csedatabase"/>
        <config-param api-version="" appid="" name="opcode" value="update"/>
        <config-param api-version="" appid="" name="adaptertype" value="KONY_DATABASE"/>
        <config-param api-version="" appid="" name="sockettimeout" value=""/>
        <config-param api-version="" appid="" name="entitymetadata" value="{&quot;tablemetadata&quot;:{&quot;schema&quot;:&quot;csedatabase&quot;,&quot;primaryKeyMetaData&quot;:[{&quot;fieldmetadata&quot;:{&quot;jdbcTypeName&quot;:&quot;VARCHAR&quot;,&quot;isUpdatable&quot;:false,&quot;jdbcType&quot;:12,&quot;isNullable&quot;:false,&quot;precision&quot;:0,&quot;name&quot;:&quot;EmployeeID&quot;,&quot;isPrimaryKey&quot;:true,&quot;type&quot;:&quot;STRING&quot;,&quot;isCreatable&quot;:true,&quot;isAutoGenerated&quot;:false}},{&quot;fieldmetadata&quot;:{&quot;jdbcTypeName&quot;:&quot;DATE&quot;,&quot;isUpdatable&quot;:false,&quot;jdbcType&quot;:91,&quot;isNullable&quot;:false,&quot;precision&quot;:0,&quot;name&quot;:&quot;sunD&quot;,&quot;isPrimaryKey&quot;:true,&quot;type&quot;:&quot;DATE&quot;,&quot;isCreatable&quot;:true,&quot;isAutoGenerated&quot;:false}}],&quot;fieldmetadatalist&quot;:[{&quot;fieldmetadata&quot;:{&quot;jdbcTypeName&quot;:&quot;VARCHAR&quot;,&quot;isUpdatable&quot;:true,&quot;jdbcType&quot;:12,&quot;isNullable&quot;:true,&quot;precision&quot;:0,&quot;name&quot;:&quot;monday&quot;,&quot;isPrimaryKey&quot;:false,&quot;type&quot;:&quot;STRING&quot;,&quot;isCreatable&quot;:true,&quot;isAutoGenerated&quot;:false}},{&quot;fieldmetadata&quot;:{&quot;jdbcTypeName&quot;:&quot;VARCHAR&quot;,&quot;isUpdatable&quot;:true,&quot;jdbcType&quot;:12,&quot;isNullable&quot;:true,&quot;precision&quot;:0,&quot;name&quot;:&quot;tuesday&quot;,&quot;isPrimaryKey&quot;:false,&quot;type&quot;:&quot;STRING&quot;,&quot;isCreatable&quot;:true,&quot;isAutoGenerated&quot;:false}},{&quot;fieldmetadata&quot;:{&quot;jdbcTypeName&quot;:&quot;VARCHAR&quot;,&quot;isUpdatable&quot;:true,&quot;jdbcType&quot;:12,&quot;isNullable&quot;:true,&quot;precision&quot;:0,&quot;name&quot;:&quot;wednesday&quot;,&quot;isPrimaryKey&quot;:false,&quot;type&quot;:&quot;STRING&quot;,&quot;isCreatable&quot;:true,&quot;isAutoGenerated&quot;:false}},{&quot;fieldmetadata&quot;:{&quot;jdbcTypeName&quot;:&quot;VARCHAR&quot;,&quot;isUpdatable&quot;:true,&quot;jdbcType&quot;:12,&quot;isNullable&quot;:true,&quot;precision&quot;:0,&quot;name&quot;:&quot;thursday&quot;,&quot;isPrimaryKey&quot;:false,&quot;type&quot;:&quot;STRING&quot;,&quot;isCreatable&quot;:true,&quot;isAutoGenerated&quot;:false}},{&quot;fieldmetadata&quot;:{&quot;jdbcTypeName&quot;:&quot;VARCHAR&quot;,&quot;isUpdatable&quot;:true,&quot;jdbcType&quot;:12,&quot;isNullable&quot;:true,&quot;precision&quot;:0,&quot;name&quot;:&quot;friday&quot;,&quot;isPrimaryKey&quot;:false,&quot;type&quot;:&quot;STRING&quot;,&quot;isCreatable&quot;:true,&quot;isAutoGenerated&quot;:false}},{&quot;fieldmetadata&quot;:{&quot;jdbcTypeName&quot;:&quot;VARCHAR&quot;,&quot;isUpdatable&quot;:true,&quot;jdbcType&quot;:12,&quot;isNullable&quot;:true,&quot;precision&quot;:0,&quot;name&quot;:&quot;saturday&quot;,&quot;isPrimaryKey&quot;:false,&quot;type&quot;:&quot;STRING&quot;,&quot;isCreatable&quot;:true,&quot;isAutoGenerated&quot;:false}},{&quot;fieldmetadata&quot;:{&quot;jdbcTypeName&quot;:&quot;VARCHAR&quot;,&quot;isUpdatable&quot;:false,&quot;jdbcType&quot;:12,&quot;isNullable&quot;:false,&quot;precision&quot;:0,&quot;name&quot;:&quot;EmployeeID&quot;,&quot;isPrimaryKey&quot;:true,&quot;type&quot;:&quot;STRING&quot;,&quot;isCreatable&quot;:true,&quot;isAutoGenerated&quot;:false}},{&quot;fieldmetadata&quot;:{&quot;jdbcTypeName&quot;:&quot;VARCHAR&quot;,&quot;isUpdatable&quot;:true,&quot;jdbcType&quot;:12,&quot;isNullable&quot;:true,&quot;precision&quot;:0,&quot;name&quot;:&quot;sunday&quot;,&quot;isPrimaryKey&quot;:false,&quot;type&quot;:&quot;STRING&quot;,&quot;isCreatable&quot;:true,&quot;isAutoGenerated&quot;:false}},{&quot;fieldmetadata&quot;:{&quot;jdbcTypeName&quot;:&quot;DATE&quot;,&quot;isUpdatable&quot;:true,&quot;jdbcType&quot;:91,&quot;isNullable&quot;:false,&quot;precision&quot;:0,&quot;name&quot;:&quot;monD&quot;,&quot;isPrimaryKey&quot;:false,&quot;type&quot;:&quot;DATE&quot;,&quot;isCreatable&quot;:true,&quot;isAutoGenerated&quot;:false}},{&quot;fieldmetadata&quot;:{&quot;jdbcTypeName&quot;:&quot;DATE&quot;,&quot;isUpdatable&quot;:true,&quot;jdbcType&quot;:91,&quot;isNullable&quot;:false,&quot;precision&quot;:0,&quot;name&quot;:&quot;tueD&quot;,&quot;isPrimaryKey&quot;:false,&quot;type&quot;:&quot;DATE&quot;,&quot;isCreatable&quot;:true,&quot;isAutoGenerated&quot;:false}},{&quot;fieldmetadata&quot;:{&quot;jdbcTypeName&quot;:&quot;DATE&quot;,&quot;isUpdatable&quot;:true,&quot;jdbcType&quot;:91,&quot;isNullable&quot;:false,&quot;precision&quot;:0,&quot;name&quot;:&quot;wedD&quot;,&quot;isPrimaryKey&quot;:false,&quot;type&quot;:&quot;DATE&quot;,&quot;isCreatable&quot;:true,&quot;isAutoGenerated&quot;:false}},{&quot;fieldmetadata&quot;:{&quot;jdbcTypeName&quot;:&quot;DATE&quot;,&quot;isUpdatable&quot;:true,&quot;jdbcType&quot;:91,&quot;isNullable&quot;:false,&quot;precision&quot;:0,&quot;name&quot;:&quot;thuD&quot;,&quot;isPrimaryKey&quot;:false,&quot;type&quot;:&quot;DATE&quot;,&quot;isCreatable&quot;:true,&quot;isAutoGenerated&quot;:false}},{&quot;fieldmetadata&quot;:{&quot;jdbcTypeName&quot;:&quot;DATE&quot;,&quot;isUpdatable&quot;:true,&quot;jdbcType&quot;:91,&quot;isNullable&quot;:false,&quot;precision&quot;:0,&quot;name&quot;:&quot;friD&quot;,&quot;isPrimaryKey&quot;:false,&quot;type&quot;:&quot;DATE&quot;,&quot;isCreatable&quot;:true,&quot;isAutoGenerated&quot;:false}},{&quot;fieldmetadata&quot;:{&quot;jdbcTypeName&quot;:&quot;DATE&quot;,&quot;isUpdatable&quot;:true,&quot;jdbcType&quot;:91,&quot;isNullable&quot;:false,&quot;precision&quot;:0,&quot;name&quot;:&quot;satD&quot;,&quot;isPrimaryKey&quot;:false,&quot;type&quot;:&quot;DATE&quot;,&quot;isCreatable&quot;:true,&quot;isAutoGenerated&quot;:false}},{&quot;fieldmetadata&quot;:{&quot;jdbcTypeName&quot;:&quot;DATE&quot;,&quot;isUpdatable&quot;:false,&quot;jdbcType&quot;:91,&quot;isNullable&quot;:false,&quot;precision&quot;:0,&quot;name&quot;:&quot;sunD&quot;,&quot;isPrimaryKey&quot;:true,&quot;type&quot;:&quot;DATE&quot;,&quot;isCreatable&quot;:true,&quot;isAutoGenerated&quot;:false}},{&quot;fieldmetadata&quot;:{&quot;jdbcTypeName&quot;:&quot;VARCHAR&quot;,&quot;isUpdatable&quot;:true,&quot;jdbcType&quot;:12,&quot;isNullable&quot;:true,&quot;precision&quot;:0,&quot;name&quot;:&quot;shifttype&quot;,&quot;isPrimaryKey&quot;:false,&quot;type&quot;:&quot;STRING&quot;,&quot;isCreatable&quot;:true,&quot;isAutoGenerated&quot;:false}}],&quot;isView&quot;:false,&quot;catalog&quot;:&quot;csedatabase&quot;,&quot;originalSchema&quot;:&quot;csedatabase&quot;,&quot;name&quot;:&quot;masterdata&quot;}}"/>
        <config-param api-version="" appid="" name="user" value="shiftroster"/>
        <config-param api-version="" appid="" name="password" value="Kony$$123"/>
    </service-config>
    <service-input passthrough="false">
        <param datatype="string" defaultvalue="" description="" encode="true" format="None" formatvalue="" name="monday" order="" passnull="false" sms-name="" src="request" sourcevalue="" srcformatvalue="" target="request" targetdatatype="java.lang.String" testvalue="G" value="">
            <accessType></accessType>
        </param>
        <param datatype="string" defaultvalue="" description="" encode="true" format="None" formatvalue="" name="tuesday" order="" passnull="false" sms-name="" src="request" sourcevalue="" srcformatvalue="" target="request" targetdatatype="java.lang.String" testvalue="G" value="">
            <accessType></accessType>
        </param>
        <param datatype="string" defaultvalue="" description="" encode="true" format="None" formatvalue="" name="wednesday" order="" passnull="false" sms-name="" src="request" sourcevalue="" srcformatvalue="" target="request" targetdatatype="java.lang.String" testvalue="G" value="">
            <accessType></accessType>
        </param>
        <param datatype="string" defaultvalue="" description="" encode="true" format="None" formatvalue="" name="thursday" order="" passnull="false" sms-name="" src="request" sourcevalue="" srcformatvalue="" target="request" targetdatatype="java.lang.String" testvalue="G" value="">
            <accessType></accessType>
        </param>
        <param datatype="string" defaultvalue="" description="" encode="true" format="None" formatvalue="" name="friday" order="" passnull="false" sms-name="" src="request" sourcevalue="" srcformatvalue="" target="request" targetdatatype="java.lang.String" testvalue="G" value="">
            <accessType></accessType>
        </param>
        <param datatype="string" defaultvalue="" description="" encode="true" format="None" formatvalue="" name="saturday" order="" passnull="false" sms-name="" src="request" sourcevalue="" srcformatvalue="" target="request" targetdatatype="java.lang.String" testvalue="WO" value="">
            <accessType></accessType>
        </param>
        <param datatype="string" defaultvalue="" description="" encode="true" format="None" formatvalue="" name="EmployeeID" order="" passnull="false" sms-name="" src="request" sourcevalue="" srcformatvalue="" target="request" targetdatatype="java.lang.String" testvalue="KH1123" value="">
            <accessType></accessType>
        </param>
        <param datatype="string" defaultvalue="" description="" encode="true" format="None" formatvalue="" name="sunday" order="" passnull="false" sms-name="" src="request" sourcevalue="" srcformatvalue="" target="request" targetdatatype="java.lang.String" testvalue="WO" value="">
            <accessType></accessType>
        </param>
        <param datatype="date" defaultvalue="" description="" encode="true" format="None" formatvalue="" name="monD" order="" passnull="false" sms-name="" src="request" sourcevalue="" srcformatvalue="" target="request" targetdatatype="java.lang.String" testvalue="2017-06-" value="">
            <accessType></accessType>
        </param>
        <param datatype="date" defaultvalue="" description="" encode="true" format="None" formatvalue="" name="tueD" order="" passnull="false" sms-name="" src="request" sourcevalue="" srcformatvalue="" target="request" targetdatatype="java.lang.String" testvalue="" value="">
            <accessType></accessType>
        </param>
        <param datatype="date" defaultvalue="" description="" encode="true" format="None" formatvalue="" name="wedD" order="" passnull="false" sms-name="" src="request" sourcevalue="" srcformatvalue="" target="request" targetdatatype="java.lang.String" testvalue="" value="">
            <accessType></accessType>
        </param>
        <param datatype="date" defaultvalue="" description="" encode="true" format="None" formatvalue="" name="thuD" order="" passnull="false" sms-name="" src="request" sourcevalue="" srcformatvalue="" target="request" targetdatatype="java.lang.String" testvalue="" value="">
            <accessType></accessType>
        </param>
        <param datatype="date" defaultvalue="" description="" encode="true" format="None" formatvalue="" name="friD" order="" passnull="false" sms-name="" src="request" sourcevalue="" srcformatvalue="" target="request" targetdatatype="java.lang.String" testvalue="" value="">
            <accessType></accessType>
        </param>
        <param datatype="date" defaultvalue="" description="" encode="true" format="None" formatvalue="" name="satD" order="" passnull="false" sms-name="" src="request" sourcevalue="" srcformatvalue="" target="request" targetdatatype="java.lang.String" testvalue="" value="">
            <accessType></accessType>
        </param>
        <param datatype="string" defaultvalue="" description="" encode="true" format="None" formatvalue="" name="sunD" order="" passnull="false" sms-name="" src="request" sourcevalue="" srcformatvalue="" target="request" targetdatatype="java.lang.String" testvalue="" value="">
            <accessType></accessType>
        </param>
        <param datatype="string" defaultvalue="" description="" encode="true" format="None" formatvalue="" name="shifttype" order="" passnull="false" sms-name="" src="request" sourcevalue="" srcformatvalue="" target="request" targetdatatype="java.lang.String" testvalue="" value="">
            <accessType></accessType>
        </param>
    </service-input>
    <service-output passthrough="false"/>
</service>
