{
    "@class": "com.kony.gen.viz.model.component.KVizButton",
    "DNDConfig": null,
    "__parentReadjusting__": false,
    "_height_": {
        "type": "string",
        "value": "4.50%"
    },
    "_left_": {
        "type": "string",
        "value": "58.59%"
    },
    "_margin_": [
        6,
        6,
        6,
        6
    ],
    "_padding_": [
        0,
        0,
        0,
        0
    ],
    "_skin_": "sc9a0e779c084c1ca321b9a7b2933049",
    "_text_": "Submit",
    "_top_": {
        "type": "string",
        "value": "42.97%"
    },
    "_width_": {
        "type": "string",
        "value": "17.14%"
    },
    "canUpdateUI": true,
    "containerweight": 100,
    "contentalignment": 5,
    "displaytext": true,
    "focusskin": "s587493a9f244e938b609a96bb20ab0e",
    "id": "btnSubmit",
    "ide_onClick": "AS_Button_cba35198523344919b8bd86e795d2da9",
    "info": null,
    "isvisible": true,
    "kuid": "d20ce3aac99d411f95637b3c73e2ba47",
    "name": "kony.ui.Button",
    "parent": "FlexContainer0j1e4bee4b32d43",
    "pf": "frmShiftDetls",
    "wType": "Button",
    "zindex": 1
}