{
    "@class": "com.kony.gen.viz.model.component.KVizButton",
    "DNDConfig": null,
    "__parentReadjusting__": false,
    "_height_": {
        "type": "string",
        "value": "30%"
    },
    "_left_": {
        "type": "string",
        "value": "2%"
    },
    "_margin_": [
        6,
        6,
        6,
        6
    ],
    "_padding_": [
        0,
        0,
        0,
        0
    ],
    "_skin_": "s8b60823331645a48f8862f1ccf5aca4",
    "_text_": "Select Employees",
    "_top_": {
        "type": "string",
        "value": "0%"
    },
    "_width_": {
        "type": "string",
        "value": "37.50%"
    },
    "canUpdateUI": true,
    "containerweight": 100,
    "contentalignment": 5,
    "displaytext": true,
    "focusskin": "sd9d1335c7bf44deae81ba6ac3d505c0",
    "id": "Button0d085750a706b4f",
    "ide_onTouchStart": "AS_Button_i39597d6027645f0abbd35ffbdbc3b3f",
    "info": null,
    "isvisible": true,
    "kuid": "eae3b6c9d17d43b49c76168669f4f8c6",
    "name": "kony.ui.Button",
    "parent": "flxEmpId",
    "pf": "frmShiftDetls",
    "wType": "Button",
    "zindex": 1
}