{
    "DNDConfig": null,
    "__parentReadjusting__": false,
    "_height_": {
        "type": "string",
        "value": "35%"
    },
    "_left_": {
        "type": "string",
        "value": "0%"
    },
    "_margin_": [
        0,
        0,
        0,
        0
    ],
    "_orientation_": 6,
    "_padding_": [
        0,
        0,
        0,
        0
    ],
    "_percent_": true,
    "_skin_": "sc8699414ad647bb8d24c707c144ce3d",
    "_top_": {
        "type": "string",
        "value": "65%"
    },
    "_width_": {
        "type": "string",
        "value": "100%"
    },
    "allboxes": [],
    "autogrowmode": 0,
    "canUpdateUI": true,
    "children": [
        "CopybtnForgot0g5ee0d09e8ba4f",
        "toastf"
    ],
    "clipbounds": true,
    "containerweight": 100,
    "enablescrolling": true,
    "id": "Copyflxin0c6485318f52541",
    "info": null,
    "isvisible": true,
    "kuid": "eb54a3ae958c40efad2df9086df42d8b",
    "layouttype": 2,
    "name": "kony.ui.FlexContainer",
    "parent": "flxout1",
    "pf": "frmShiftDetls",
    "snapgridsize": 10,
    "snaptogrid": true,
    "wType": "FlexContainer",
    "widgetalignment": 1,
    "zindex": 1
}