{
    "DNDConfig": null,
    "__markedForDelete__": true,
    "__parentReadjusting__": false,
    "_height_": {
        "type": "string",
        "value": "50%"
    },
    "_left_": "0%",
    "_margin_": [
        0,
        0,
        0,
        0
    ],
    "_orientation_": 6,
    "_padding_": [
        0,
        0,
        0,
        0
    ],
    "_percent_": true,
    "_skin_": "s6a46edd68d24e9e98e8f06f2e3800f5",
    "_top_": "0%",
    "_width_": {
        "type": "string",
        "value": "100%"
    },
    "allboxes": [],
    "autogrowmode": 0,
    "canUpdateUI": true,
    "children": [
        "Button0d085750a706b4f",
        "tbxShiftType"
    ],
    "clipbounds": true,
    "containerweight": 100,
    "enablescrolling": true,
    "id": "flxEmpId",
    "info": null,
    "isvisible": true,
    "kuid": "a5d9419281b6409896f89124b81e709f",
    "layouttype": 2,
    "name": "kony.ui.FlexContainer",
    "parent": "flxDays",
    "pf": "frmShiftDetls",
    "snapgridsize": 10,
    "snaptogrid": true,
    "wType": "FlexContainer",
    "widgetalignment": 1,
    "zindex": 1
}