{
    "@class": "com.kony.gen.viz.model.container.KVizScrollFlexForm",
    "DNDConfig": null,
    "_margin_": [
        0,
        0,
        0,
        0
    ],
    "_orientation_": 1,
    "_padding_": [
        0,
        0,
        0,
        0
    ],
    "_percent_": true,
    "_skin_": "s6cf8184a08441608ce28e53c1924edd",
    "_title_": null,
    "addWidgetsdone": false,
    "allboxes": [],
    "android": {
        "psp": {
            "windowSoftInputMode": 2
        }
    },
    "canUpdateUI": true,
    "canvasWidth": 1400,
    "children": [
        "FlexContainer0j1e4bee4b32d43",
        "flxCalendar",
        "flxsuccess",
        "flxfailure"
    ],
    "containerweight": 100,
    "controllerInfo": {
        "default": {
            "channel": "desktop"
        }
    },
    "currentLocale": "default",
    "desktopweb": {
        "needAppMenu": false
    },
    "device": "desktopweb",
    "displayorientation": 1,
    "enabledforidletimeout": false,
    "footer": "frmShiftDetls_footer",
    "footersId": "c77c9c2cfd034cfa814ceeb53c8d5fb8",
    "header": "frmShiftDetls_header",
    "headersId": "ff5c142cc320495fb72bfa457d7535ed",
    "id": "frmShiftDetls",
    "ide_init": "AS_Form_iced7e20c46043c89d091770da950898",
    "ide_postShow": "AS_Form_j54c707c1edd44c3bc41f0d1ced02955",
    "ide_preShow": "AS_Form_dd5ce060b1e94d05ab0b49e99b305891",
    "info": null,
    "initdone": false,
    "inputaccessoryviewtype": 4,
    "invokedProperty": "footers",
    "ipad": {
        "psp": {
            "inputAccessoryViewType": 4
        }
    },
    "iphone": {
        "psp": {
            "inputAccessoryViewType": 4
        }
    },
    "isvisible": true,
    "kuid": "ff5e47338dc240b197e4ad219a318317",
    "layouttype": 2,
    "name": "kony.ui.Form2",
    "needappmenu": true,
    "paddinginpixel": false,
    "platform": "desktopweb",
    "prevDevice": "desktopweb",
    "prevPlatform": "desktopweb",
    "retainscrollposition": false,
    "shellCSS": "desktop",
    "snapgridsize": 10,
    "snaptogrid": true,
    "titleBarSkin": "s52db23d863d42d7905935308cfa3d9d",
    "titlebar": true,
    "type": 3,
    "wType": "Form"
}