{
    "@class": "com.kony.gen.viz.model.component.KVizDateField",
    "DNDConfig": null,
    "Image": "calbtn.png",
    "__id": "frmShiftDetls_fromd",
    "__input": "fromd",
    "__parentReadjusting__": false,
    "_data_": null,
    "_date_": [
        null,
        null,
        null
    ],
    "_height_": {
        "type": "string",
        "value": "50%"
    },
    "_left_": {
        "type": "string",
        "value": "37.50%"
    },
    "_margin_": [
        0,
        0,
        0,
        0
    ],
    "_padding_": [
        0,
        0,
        0,
        0
    ],
    "_placeholder_": "from date",
    "_skin_": "s6e57cad0ff04611889da57e3d5e59c1",
    "_top_": {
        "type": "string",
        "value": "20.00%"
    },
    "_width_": {
        "type": "string",
        "value": "25%"
    },
    "advview": "default",
    "calendaricon": "calbtn.png",
    "canUpdateUI": true,
    "containerweight": 100,
    "contentalignment": 5,
    "datecomponents": null,
    "dateeditable": true,
    "dateformat": "dd/MM/yyyy",
    "datesGroup": [],
    "datesState": 0,
    "day": null,
    "daytextalignmentincell": 5,
    "displayedMonths": [
        7,
        2017
    ],
    "entereddate": null,
    "format": "dd/MM/yyyy",
    "formatteddate": null,
    "hidedaysheader": false,
    "hidemonthsheader": false,
    "hour": null,
    "id": "fromd",
    "info": null,
    "isvisible": true,
    "kuid": "i5ad7b1972b74de98625b4a55f5d6d08",
    "minutes": null,
    "month": null,
    "monthsinrow": 3,
    "name": "kony.ui.Calendar",
    "navigatorAlert": "Invalid Selection",
    "noofmonths": 1,
    "pagedate": "/2017",
    "parent": "flxS",
    "pf": "frmShiftDetls",
    "popupHeight": "auto",
    "popupWidth": "auto",
    "seconds": null,
    "selectdate": "//2017",
    "startDay": 0,
    "viewtype": "default",
    "wType": "Calendar",
    "widgetalignment": 5,
    "widths": [
        "14.2857%;",
        "14.2857%;",
        "14.2857%;",
        "14.2857%;",
        "14.2857%;",
        "14.2857%;",
        "14.2857%;"
    ],
    "year": null,
    "zindex": 1
}