{
    "@class": "com.kony.gen.viz.model.component.KVizButton",
    "DNDConfig": null,
    "__parentReadjusting__": false,
    "_height_": {
        "type": "string",
        "value": "100%"
    },
    "_margin_": [
        6,
        6,
        6,
        6
    ],
    "_padding_": [
        0,
        0,
        0,
        0
    ],
    "_right_": {
        "type": "string",
        "value": "25%"
    },
    "_skin_": "sc9b4ad052514dc297639ab64a4f037a",
    "_text_": "Daily",
    "_top_": {
        "type": "string",
        "value": "0dp"
    },
    "_width_": {
        "type": "string",
        "value": "5%"
    },
    "canUpdateUI": true,
    "containerweight": 100,
    "contentalignment": 5,
    "displaytext": true,
    "focusskin": "scc3a3b7ef544b74a402b270dbf2c740",
    "id": "btnDaily",
    "ide_onClick": "AS_Button_fd750ad78d7342318a77b1a9d8a20bda",
    "info": null,
    "isvisible": true,
    "kuid": "db59f3a3b4964f1fb3599f9c60f7b115",
    "name": "kony.ui.Button",
    "parent": "flxShiftOption",
    "pf": "frmDashboard",
    "wType": "Button",
    "zindex": 1
}