{
    "@class": "com.kony.gen.viz.model.component.KVizButton",
    "DNDConfig": null,
    "__parentReadjusting__": false,
    "_height_": {
        "type": "string",
        "value": "100%"
    },
    "_left_": {
        "type": "string",
        "value": "6%"
    },
    "_margin_": [
        6,
        6,
        6,
        6
    ],
    "_padding_": [
        0,
        0,
        0,
        0
    ],
    "_skin_": "sc9b4ad052514dc297639ab64a4f037a",
    "_text_": "Export",
    "_top_": {
        "type": "string",
        "value": "0dp"
    },
    "_width_": {
        "type": "string",
        "value": "5%"
    },
    "canUpdateUI": true,
    "containerweight": 100,
    "contentalignment": 5,
    "displaytext": true,
    "focusskin": "scc3a3b7ef544b74a402b270dbf2c740",
    "id": "btnexport",
    "ide_onClick": "AS_Button_aff09eff70f745fc85cee4b2f2edd48f",
    "info": null,
    "isvisible": true,
    "kuid": "de389fd6a06e4de7befd93975eaa1f11",
    "name": "kony.ui.Button",
    "parent": "flxShiftOption",
    "pf": "frmDashboard",
    "wType": "Button",
    "zindex": 1
}