{
    "@class": "com.kony.gen.viz.model.component.KVizButton",
    "DNDConfig": null,
    "__parentReadjusting__": false,
    "_height_": {
        "type": "string",
        "value": "15%"
    },
    "_margin_": [
        6,
        6,
        6,
        6
    ],
    "_padding_": [
        0,
        0,
        0,
        0
    ],
    "_right_": {
        "type": "string",
        "value": "0%"
    },
    "_skin_": "s6d3d3094126494db06e2d25f9a5fb79",
    "_text_": "",
    "_top_": {
        "type": "string",
        "value": "0%"
    },
    "_width_": {
        "type": "string",
        "value": "15%"
    },
    "canUpdateUI": true,
    "containerweight": 100,
    "contentalignment": 5,
    "displaytext": true,
    "focusskin": "sc4889d09f7042f6a56abff434a99681",
    "id": "btnFilter",
    "ide_onClick": "AS_Button_i6af6343983542909c35f3fb049e84ff",
    "info": null,
    "isvisible": true,
    "kuid": "c66d26ab3d584855a303721b29b99a2d",
    "name": "kony.ui.Button",
    "parent": "flxDetails",
    "pf": "frmDashboard",
    "wType": "Button",
    "zindex": 1
}