{
    "@class": "com.kony.gen.viz.model.component.KVizButton",
    "DNDConfig": null,
    "__parentReadjusting__": false,
    "_height_": {
        "type": "string",
        "value": "100%"
    },
    "_left_": {
        "type": "string",
        "value": "0.00%"
    },
    "_margin_": [
        6,
        6,
        6,
        6
    ],
    "_padding_": [
        0,
        0,
        0,
        0
    ],
    "_skin_": "s5f60525d6ac4229bdb593a73e6e11fb",
    "_text_": "Leave Chart",
    "_top_": {
        "type": "string",
        "value": "0dp"
    },
    "_width_": {
        "type": "string",
        "value": "5%"
    },
    "canUpdateUI": true,
    "containerweight": 100,
    "contentalignment": 5,
    "displaytext": true,
    "focusskin": "scc3a3b7ef544b74a402b270dbf2c740",
    "id": "btnLeaveChart",
    "ide_onClick": "AS_Button_e6d191f5e78041a6854b10c0934eb27a",
    "info": null,
    "isvisible": true,
    "kuid": "e27583951ca042868ab7a7b17c4c3222",
    "name": "kony.ui.Button",
    "parent": "flxShiftOption",
    "pf": "frmDashboard",
    "wType": "Button",
    "zindex": 1
}