{
    "@class": "com.kony.gen.viz.model.component.KVizButton",
    "DNDConfig": null,
    "__parentReadjusting__": false,
    "_height_": {
        "type": "string",
        "value": "100%"
    },
    "_margin_": [
        6,
        6,
        6,
        6
    ],
    "_padding_": [
        0,
        0,
        0,
        0
    ],
    "_right_": {
        "type": "string",
        "value": "15%"
    },
    "_skin_": "s6890548dca44881b2fc5b951284b859",
    "_text_": "Monthly",
    "_top_": {
        "type": "string",
        "value": "0dp"
    },
    "_width_": {
        "type": "string",
        "value": "5%"
    },
    "canUpdateUI": true,
    "containerweight": 100,
    "contentalignment": 5,
    "displaytext": true,
    "focusskin": "sc9267d886964ebeb13a48ab2e4b54d4",
    "id": "btnMonthly",
    "ide_onClick": "AS_Button_ja552c3dad224636b0666e56b267e57e",
    "info": null,
    "isvisible": true,
    "kuid": "fcdf3582eb5c4a8ba99bae9ed5fb37fb",
    "name": "kony.ui.Button",
    "parent": "flxShiftOption",
    "pf": "frmDashboard",
    "wType": "Button",
    "zindex": 1
}