{
    "@class": "com.kony.gen.viz.model.component.KVizButton",
    "DNDConfig": null,
    "__parentReadjusting__": false,
    "_height_": {
        "type": "string",
        "value": "100%"
    },
    "_margin_": [
        6,
        6,
        6,
        6
    ],
    "_padding_": [
        0,
        0,
        0,
        0
    ],
    "_right_": {
        "type": "string",
        "value": "10%"
    },
    "_skin_": "se188dbbebef42e2887ba882e95dd46c",
    "_text_": "Quaterly",
    "_top_": {
        "type": "string",
        "value": "0dp"
    },
    "_width_": {
        "type": "string",
        "value": "5%"
    },
    "canUpdateUI": true,
    "containerweight": 100,
    "contentalignment": 5,
    "displaytext": true,
    "focusskin": "s5330ef5c28c487a92ced123310440b1",
    "id": "btnQuarterly",
    "ide_onClick": "AS_Button_e26a184e4b434c3d8e2351d7ca03bc5a",
    "info": null,
    "isvisible": true,
    "kuid": "e622c1151f284a12ae7be3ffc6978571",
    "name": "kony.ui.Button",
    "parent": "flxShiftOption",
    "pf": "frmDashboard",
    "wType": "Button",
    "zindex": 1
}