{
    "@class": "com.kony.gen.viz.model.component.KVizButton",
    "DNDConfig": null,
    "__parentReadjusting__": false,
    "_height_": {
        "type": "string",
        "value": "100%"
    },
    "_margin_": [
        6,
        6,
        6,
        6
    ],
    "_padding_": [
        0,
        0,
        0,
        0
    ],
    "_right_": {
        "type": "string",
        "value": "5%"
    },
    "_skin_": "se188dbbebef42e2887ba882e95dd46c",
    "_text_": "Request",
    "_top_": {
        "type": "string",
        "value": "0dp"
    },
    "_width_": {
        "type": "string",
        "value": "5%"
    },
    "canUpdateUI": true,
    "containerweight": 100,
    "contentalignment": 5,
    "displaytext": true,
    "focusskin": "s072c5fceefa46539b5c9e22f2aa3328",
    "id": "btnRequest",
    "ide_onClick": "AS_Button_d5c2172bb04b46ee988d1505614c28fb",
    "info": null,
    "isvisible": true,
    "kuid": "aced11fa994544919c9adf71413a99be",
    "name": "kony.ui.Button",
    "parent": "flxShiftOption",
    "pf": "frmDashboard",
    "wType": "Button",
    "zindex": 1
}