{
    "@class": "com.kony.gen.viz.model.component.KVizLabel",
    "DNDConfig": null,
    "__parentReadjusting__": false,
    "_height_": {
        "type": "string",
        "value": "4%"
    },
    "_left_": {
        "type": "string",
        "value": "40%"
    },
    "_margin_": [
        1,
        1,
        1,
        1
    ],
    "_padding_": [
        1,
        0,
        1,
        0
    ],
    "_skin_": "s8e3a55369b3493f984223757881bd95",
    "_text_": "Label",
    "_top_": {
        "type": "string",
        "value": "22%"
    },
    "_width_": {
        "type": "ref",
        "value": "preferred"
    },
    "_wrapping_": 2,
    "android": {
        "textStyle": {
            "letterSpacing": 0,
            "strikeThrough": false
        }
    },
    "canUpdateUI": true,
    "containerweight": 100,
    "contentalignment": 4,
    "id": "CopylblLeaveDate0f1245575af1a4b",
    "info": null,
    "ipad": {
        "psp": {
            "wrapping": 2
        }
    },
    "iphone": {
        "psp": {
            "wrapping": 2
        }
    },
    "isvisible": false,
    "kuid": "d7531615d50942b892b72c616e230627",
    "name": "kony.ui.Label",
    "paddinginpixel": false,
    "parent": "frmDashboard",
    "pf": "frmDashboard",
    "tooltip": "",
    "wType": "Label",
    "zindex": 1
}