{
    "@class": "com.kony.gen.viz.model.container.KVizScrollFlexForm",
    "DNDConfig": null,
    "_margin_": [
        0,
        0,
        0,
        0
    ],
    "_orientation_": 1,
    "_padding_": [
        0,
        0,
        0,
        0
    ],
    "_percent_": true,
    "_skin_": "s11b8c0c72a94525b07e15e23ea8aa85",
    "_title_": null,
    "addWidgetsdone": false,
    "allboxes": [],
    "android": {
        "psp": {
            "windowSoftInputMode": 2
        }
    },
    "canUpdateUI": true,
    "canvasWidth": 1400,
    "children": [
        "flxCalendar",
        "flxScroll",
        "flxShiftOption",
        "flxWeekDays",
        "lblMonthWeeks",
        "lblQuarterly",
        "flxFilter",
        "lblLeaveDate",
        "CopylblLeaveDate0f1245575af1a4b"
    ],
    "containerweight": 100,
    "currentLocale": "default",
    "desktopweb": {
        "needAppMenu": false
    },
    "device": "desktopweb",
    "displayorientation": 1,
    "enabledforidletimeout": false,
    "footer": "frmDashboard_footer",
    "footersId": "c77c9c2cfd034cfa814ceeb53c8d5fb8",
    "header": "frmDashboard_header",
    "headersId": "ff5c142cc320495fb72bfa457d7535ed",
    "id": "frmDashboard",
    "ide_init": "AS_Form_d3d093c7ea6a46968f767f6dc6b10a9a",
    "ide_postShow": "AS_Form_h0978eb921bc4b0587a49d7467736aec",
    "ide_preShow": "AS_Form_bde8cdd049e14d59bc692c6756632f45",
    "info": null,
    "initdone": false,
    "inputaccessoryviewtype": 4,
    "invokedProperty": "headers",
    "ipad": {
        "psp": {
            "inputAccessoryViewType": 4
        }
    },
    "iphone": {
        "psp": {
            "inputAccessoryViewType": 4
        }
    },
    "isvisible": true,
    "kuid": "c8014d0c69e4460abfc3ab61ef0bfe6c",
    "layouttype": 2,
    "name": "kony.ui.Form2",
    "needappmenu": true,
    "paddinginpixel": false,
    "platform": "desktopweb",
    "prevDevice": "desktopweb",
    "prevPlatform": "desktopweb",
    "retainscrollposition": false,
    "shellCSS": "desktop",
    "snapgridsize": 10,
    "snaptogrid": true,
    "titleBarSkin": "s52db23d863d42d7905935308cfa3d9d",
    "titlebar": true,
    "type": 3,
    "wType": "Form"
}