{
    "@class": "com.kony.gen.viz.model.component.KVizButton",
    "DNDConfig": null,
    "__parentReadjusting__": false,
    "_height_": {
        "type": "string",
        "value": "30dp"
    },
    "_left_": {
        "type": "string",
        "value": "755dp"
    },
    "_margin_": [
        6,
        6,
        6,
        6
    ],
    "_padding_": [
        0,
        0,
        0,
        0
    ],
    "_skin_": "seea59d25e2f47d7890d4a977f118fac",
    "_text_": "Swap Success",
    "_top_": {
        "type": "string",
        "value": "401dp"
    },
    "_width_": {
        "type": "string",
        "value": "170dp"
    },
    "canUpdateUI": true,
    "containerweight": 100,
    "contentalignment": 5,
    "displaytext": true,
    "focusskin": "s587493a9f244e938b609a96bb20ab0e",
    "id": "btnAckShiftSwap",
    "info": null,
    "isvisible": false,
    "kuid": "h86a5f6f16ad48dcb39056d799928225",
    "name": "kony.ui.Button",
    "parent": "frmEdit",
    "pf": "frmEdit",
    "wType": "Button",
    "zindex": 1
}