{
    "@class": "com.kony.gen.viz.model.component.KVizButton",
    "DNDConfig": null,
    "__parentReadjusting__": false,
    "_height_": {
        "type": "string",
        "value": "50dp"
    },
    "_left_": {
        "type": "string",
        "value": "557dp"
    },
    "_margin_": [
        6,
        6,
        6,
        6
    ],
    "_padding_": [
        0,
        0,
        0,
        0
    ],
    "_skin_": "s3619eb94aae4969abb02680c80bd021",
    "_text_": "Clear",
    "_top_": {
        "type": "string",
        "value": "80%"
    },
    "_width_": {
        "type": "string",
        "value": "200dp"
    },
    "canUpdateUI": true,
    "centerx": {
        "type": "string",
        "value": "17%"
    },
    "containerweight": 100,
    "contentalignment": 5,
    "displaytext": true,
    "focusskin": "sc7af1117985463e841347793361a34c",
    "id": "btnCancelSwap",
    "ide_onClick": "AS_Button_ge209695498a47d194e7e1fc1e30f4ba",
    "info": null,
    "isvisible": true,
    "kuid": "be630f8da3ff47a29b7a2d94658aefac",
    "name": "kony.ui.Button",
    "parent": "flxSwap",
    "pf": "frmEdit",
    "wType": "Button",
    "zindex": 1
}