{
    "DNDConfig": null,
    "__parentReadjusting__": false,
    "_height_": {
        "type": "string",
        "value": "50%"
    },
    "_left_": {
        "type": "string",
        "value": "30%"
    },
    "_margin_": [
        0,
        0,
        0,
        0
    ],
    "_orientation_": 6,
    "_padding_": [
        0,
        0,
        0,
        0
    ],
    "_percent_": true,
    "_skin_": "sdb81546a2be4bdd9c58a827f6376dbc",
    "_top_": {
        "type": "string",
        "value": "15%"
    },
    "_width_": {
        "type": "string",
        "value": "50%"
    },
    "allboxes": [],
    "autogrowmode": 0,
    "canUpdateUI": true,
    "centerx": {
        "type": "string",
        "value": "60%"
    },
    "centery": {
        "type": "string",
        "value": "40%"
    },
    "children": [
        "tbxEmpid",
        "lblName",
        "lblShiftTypeEmp1",
        "tbxEmpid2",
        "lblName2",
        "lblShiftTypeEmp2",
        "tbxDate",
        "btnCancelSwap",
        "btnSubmitSwap",
        "Image0j677c6e4d6824a",
        "CopybtnSubmitSwap0i10a9c058bb54e"
    ],
    "clipbounds": true,
    "containerweight": 100,
    "enablescrolling": true,
    "id": "flxSwap",
    "info": null,
    "isvisible": true,
    "kuid": "b2d2ecfc8292433d881211bd509ecca3",
    "layouttype": 2,
    "name": "kony.ui.FlexContainer",
    "parent": "flxContent",
    "pf": "frmEdit",
    "snapgridsize": 10,
    "snaptogrid": true,
    "wType": "FlexContainer",
    "widgetalignment": 1,
    "zindex": 1
}