{
    "@class": "com.kony.gen.viz.model.component.KVizTextBox2",
    "DNDConfig": null,
    "__parentReadjusting__": false,
    "_height_": {
        "type": "string",
        "value": "10%"
    },
    "_left_": {
        "type": "string",
        "value": "30%"
    },
    "_margin_": [
        0,
        0,
        0,
        0
    ],
    "_padding_": [
        3,
        0,
        0,
        0
    ],
    "_placeholder_": "Employee ID 2",
    "_skin_": "s7cccdddefcc48f68f47c43f58d7bc09",
    "_text_": "",
    "_top_": {
        "type": "string",
        "value": "10%"
    },
    "_width_": {
        "type": "string",
        "value": "30%"
    },
    "autocapitalize": "none",
    "autocomplete": false,
    "autocorrect": false,
    "autofilter": false,
    "canUpdateUI": true,
    "centerx": {
        "type": "string",
        "value": "50%"
    },
    "containerheight": "",
    "containerheightmode": 1,
    "containerweight": 100,
    "contentalignment": 4,
    "id": "tbxEmpIDInput",
    "ide_onDone": "AS_TextField_f1766e2e2ded4f2798a005fa563ff8ae",
    "info": null,
    "isvisible": true,
    "keyboardtype": "A",
    "kiosk": {
        "psp": {
            "autoFilter": false
        }
    },
    "kuid": "jc10311d3cb0444aa7af6f055f7f5549",
    "mode": "A",
    "name": "kony.ui.TextBox2",
    "parent": "flxLeave",
    "pf": "frmEdit",
    "securetextentry": false,
    "textinputmode": "A",
    "viewtype": "default",
    "wType": "TextField",
    "zindex": 1
}