{
    "@class": "com.kony.gen.viz.model.container.KVizTab",
    "DNDConfig": null,
    "__markedForDelete__": true,
    "_height_": {
        "type": "string",
        "value": "100%"
    },
    "_image_": null,
    "_margin_": [
        0,
        0,
        0,
        0
    ],
    "_orientation_": 6,
    "_padding_": [
        0,
        0,
        0,
        0
    ],
    "_percent_": true,
    "_skin_": "s58b59ed126b4646895a5888a9fac49d",
    "_width_": {
        "type": "string",
        "value": "100%"
    },
    "allboxes": [],
    "canUpdateUI": true,
    "children": [
        "segDaily",
        "datanf2"
    ],
    "clipbounds": true,
    "containerweight": 100,
    "enablescrolling": true,
    "id": "dailyTab",
    "info": null,
    "isvisible": true,
    "kuid": "f78f3413aac7441b9aecb4b42e27d2ca",
    "layouttype": 2,
    "margininpixel": false,
    "name": "kony.ui.Tab",
    "oninit": null,
    "paddinginpixel": false,
    "parent": "durationTab",
    "pf": "frmDashboard",
    "scrolldirection": 1,
    "snapgridsize": 10,
    "snaptogrid": true,
    "tabname": "Daily",
    "tabpaneId": "durationTab",
    "wType": "Tab"
}