{
    "@class": "com.kony.gen.viz.model.component.KVizLabel",
    "DNDConfig": null,
    "__markedForDelete__": true,
    "__parentReadjusting__": false,
    "_height_": {
        "type": "string",
        "value": "50%"
    },
    "_left_": {
        "type": "string",
        "value": "84%"
    },
    "_margin_": [
        1,
        1,
        1,
        1
    ],
    "_padding_": [
        0,
        0,
        0,
        0
    ],
    "_skin_": "sd82287805394a868b699ab409c9451e",
    "_text_": "Label",
    "_top_": {
        "type": "string",
        "value": "50%"
    },
    "_width_": {
        "type": "string",
        "value": "16.35%"
    },
    "_wrapping_": 2,
    "android": {
        "textStyle": {
            "letterSpacing": 0,
            "strikeThrough": false
        }
    },
    "canUpdateUI": true,
    "containerweight": 100,
    "contentalignment": 5,
    "id": "lblDay7",
    "info": null,
    "ipad": {
        "psp": {
            "wrapping": 2
        }
    },
    "iphone": {
        "psp": {
            "wrapping": 2
        }
    },
    "isvisible": true,
    "kuid": "d5993c5b4c1a42e29e7beedc310e59c3",
    "name": "kony.ui.Label",
    "parent": "flxWeekDays",
    "pf": "frmDashboard",
    "tabpaneId": "durationTab",
    "tooltip": "",
    "wType": "Label",
    "zindex": 1
}