{
    "DNDConfig": null,
    "__markedForDelete__": true,
    "__parentReadjusting__": false,
    "_height_": {
        "type": "string",
        "value": "11.27%"
    },
    "_left_": {
        "type": "string",
        "value": "35.98%"
    },
    "_margin_": [
        0,
        0,
        0,
        0
    ],
    "_orientation_": 6,
    "_padding_": [
        0,
        0,
        0,
        0
    ],
    "_percent_": true,
    "_skin_": "s68b697f6eaf43ff8611c2f66b3d6428",
    "_top_": {
        "type": "string",
        "value": "-0.01%"
    },
    "_width_": {
        "type": "string",
        "value": "64.74%"
    },
    "allboxes": [],
    "autogrowmode": 0,
    "canUpdateUI": true,
    "children": [
        "month",
        "week1",
        "week2",
        "week3",
        "week4",
        "week5",
        "week6"
    ],
    "clipbounds": true,
    "containerweight": 100,
    "enablescrolling": true,
    "id": "lblMonthWeeks",
    "info": null,
    "isvisible": true,
    "kuid": "da65757fc7454e8aa1b1887367d7c148",
    "layouttype": 2,
    "name": "kony.ui.FlexContainer",
    "parent": "monthlyTab",
    "pf": "frmDashboard",
    "snapgridsize": 10,
    "snaptogrid": true,
    "tabpaneId": "durationTab",
    "wType": "FlexContainer",
    "widgetalignment": 1,
    "zindex": 1
}