{
    "@class": "com.kony.gen.viz.model.container.KVizTab",
    "DNDConfig": null,
    "__markedForDelete__": true,
    "_height_": {
        "type": "string",
        "value": "100%"
    },
    "_margin_": [
        0,
        0,
        0,
        0
    ],
    "_orientation_": 6,
    "_padding_": [
        0,
        0,
        0,
        0
    ],
    "_percent_": true,
    "_skin_": "s58b59ed126b4646895a5888a9fac49d",
    "_width_": {
        "type": "string",
        "value": "100%"
    },
    "allboxes": [],
    "canUpdateUI": true,
    "children": [
        "segMonthly",
        "lblMonthWeeks",
        "datanf"
    ],
    "clipbounds": true,
    "containerweight": 100,
    "enablescrolling": true,
    "id": "monthlyTab",
    "info": null,
    "isvisible": true,
    "kuid": "e64cb9358c8c484992423e5801adcead",
    "layouttype": 2,
    "margininpixel": false,
    "name": "kony.ui.Tab",
    "paddinginpixel": false,
    "parent": "durationTab",
    "pf": "frmDashboard",
    "scrolldirection": 1,
    "snapgridsize": 10,
    "snaptogrid": true,
    "tabname": "Monthly",
    "tabpaneId": "durationTab",
    "wType": "Tab"
}