{
    "@class": "com.kony.gen.viz.model.container.KVizTab",
    "DNDConfig": null,
    "__markedForDelete__": true,
    "_height_": {
        "type": "string",
        "value": "100%"
    },
    "_margin_": [
        0,
        0,
        0,
        0
    ],
    "_orientation_": 6,
    "_padding_": [
        0,
        0,
        0,
        0
    ],
    "_percent_": true,
    "_skin_": "s58b59ed126b4646895a5888a9fac49d",
    "_width_": {
        "type": "string",
        "value": "100%"
    },
    "allboxes": [],
    "canUpdateUI": true,
    "children": [
        "lblQuarterly",
        "segQuarterly",
        "datanf1"
    ],
    "clipbounds": true,
    "containerweight": 100,
    "enablescrolling": true,
    "id": "quarterlyTab",
    "info": null,
    "isvisible": true,
    "kuid": "fc57103c3b764787bb2fa0c426da1a63",
    "layouttype": 2,
    "margininpixel": false,
    "name": "kony.ui.Tab",
    "paddinginpixel": false,
    "parent": "durationTab",
    "pf": "frmDashboard",
    "scrolldirection": 1,
    "snapgridsize": 10,
    "snaptogrid": true,
    "tabname": "Quarterly",
    "tabpaneId": "durationTab",
    "wType": "Tab"
}