{
    "@class": "com.kony.gen.viz.model.container.KVizSegment2",
    "DNDConfig": null,
    "__markedForDelete__": true,
    "__parentReadjusting__": false,
    "_data_": [
        {
            "imgUser": {
                "@class": "com.viz.ide.model.segment.ImageSegmentData",
                "src": "profile_icon.png"
            },
            "lblEETime": {
                "@class": "com.viz.ide.model.segment.SimpleTextSegmentData",
                "text": "3:00 PM"
            },
            "lblRowUserDesg": {
                "@class": "com.viz.ide.model.segment.SimpleTextSegmentData",
                "text": "MF-Engineer"
            },
            "lblRowUserName": {
                "@class": "com.viz.ide.model.segment.SimpleTextSegmentData",
                "text": "Employee Name"
            },
            "lblRowUserShift": {
                "@class": "com.viz.ide.model.segment.SimpleTextSegmentData",
                "text": "S1"
            },
            "lblSSTime": {
                "@class": "com.viz.ide.model.segment.SimpleTextSegmentData",
                "text": "9:00 AM"
            },
            "lblShiftEndTime": {
                "@class": "com.viz.ide.model.segment.SimpleTextSegmentData",
                "text": "Shift End Time"
            },
            "lblShiftStartTime": {
                "@class": "com.viz.ide.model.segment.SimpleTextSegmentData",
                "text": "Shift StartTime"
            },
            "lblgreen": {
                "@class": "com.viz.ide.model.segment.SimpleTextSegmentData",
                "text": ""
            },
            "lblred": {
                "@class": "com.viz.ide.model.segment.SimpleTextSegmentData",
                "text": ""
            }
        },
        {
            "imgUser": {
                "@class": "com.viz.ide.model.segment.ImageSegmentData",
                "src": "profile_icon.png"
            },
            "lblEETime": {
                "@class": "com.viz.ide.model.segment.SimpleTextSegmentData",
                "text": "3:00 PM"
            },
            "lblRowUserDesg": {
                "@class": "com.viz.ide.model.segment.SimpleTextSegmentData",
                "text": "MF-Engineer"
            },
            "lblRowUserName": {
                "@class": "com.viz.ide.model.segment.SimpleTextSegmentData",
                "text": "Employee Name"
            },
            "lblRowUserShift": {
                "@class": "com.viz.ide.model.segment.SimpleTextSegmentData",
                "text": "S1"
            },
            "lblSSTime": {
                "@class": "com.viz.ide.model.segment.SimpleTextSegmentData",
                "text": "9:00 AM"
            },
            "lblShiftEndTime": {
                "@class": "com.viz.ide.model.segment.SimpleTextSegmentData",
                "text": "Shift End Time"
            },
            "lblShiftStartTime": {
                "@class": "com.viz.ide.model.segment.SimpleTextSegmentData",
                "text": "Shift StartTime"
            },
            "lblgreen": {
                "@class": "com.viz.ide.model.segment.SimpleTextSegmentData",
                "text": ""
            },
            "lblred": {
                "@class": "com.viz.ide.model.segment.SimpleTextSegmentData",
                "text": ""
            }
        },
        {
            "imgUser": {
                "@class": "com.viz.ide.model.segment.ImageSegmentData",
                "src": "profile_icon.png"
            },
            "lblEETime": {
                "@class": "com.viz.ide.model.segment.SimpleTextSegmentData",
                "text": "3:00 PM"
            },
            "lblRowUserDesg": {
                "@class": "com.viz.ide.model.segment.SimpleTextSegmentData",
                "text": "MF-Engineer"
            },
            "lblRowUserName": {
                "@class": "com.viz.ide.model.segment.SimpleTextSegmentData",
                "text": "Employee Name"
            },
            "lblRowUserShift": {
                "@class": "com.viz.ide.model.segment.SimpleTextSegmentData",
                "text": "S1"
            },
            "lblSSTime": {
                "@class": "com.viz.ide.model.segment.SimpleTextSegmentData",
                "text": "9:00 AM"
            },
            "lblShiftEndTime": {
                "@class": "com.viz.ide.model.segment.SimpleTextSegmentData",
                "text": "Shift End Time"
            },
            "lblShiftStartTime": {
                "@class": "com.viz.ide.model.segment.SimpleTextSegmentData",
                "text": "Shift StartTime"
            },
            "lblgreen": {
                "@class": "com.viz.ide.model.segment.SimpleTextSegmentData",
                "text": ""
            },
            "lblred": {
                "@class": "com.viz.ide.model.segment.SimpleTextSegmentData",
                "text": ""
            }
        }
    ],
    "_height_": {
        "type": "string",
        "value": "100%"
    },
    "_indicator_": "none",
    "_left_": {
        "type": "string",
        "value": "0dp"
    },
    "_margin_": [
        0,
        0,
        0,
        0
    ],
    "_orientation_": 2,
    "_padding_": [
        0,
        0,
        0,
        0
    ],
    "_top_": {
        "type": "string",
        "value": "0dp"
    },
    "_width_": {
        "type": "string",
        "value": "100%"
    },
    "autogrowmode": 0,
    "canUpdateUI": true,
    "containerweight": 100,
    "counter": "02",
    "focusedindex": null,
    "focuseditem": null,
    "groupcells": false,
    "hasSections": false,
    "id": "segDaily",
    "info": null,
    "ipad": {
        "psp": {
            "indicator": "rowselect"
        }
    },
    "iphone": {
        "psp": {
            "indicator": "none"
        }
    },
    "isvisible": true,
    "kuid": "g20a3b6ad1a942d3850b2ee54464b313",
    "masterdata": {},
    "name": "kony.ui.SegmentedUI2",
    "needpageindicator": true,
    "pageoffdotimage": "pageoffdot.png",
    "pageondotimage": "pageondot.png",
    "paginationconfig": {
        "position": "bottom"
    },
    "parent": "dailyTab",
    "pf": "frmDashboard",
    "retainselection": false,
    "rowTemplateId": "a58c112f122542ad81bb1a556652dfae",
    "rowcounter": 2,
    "rowfocusskin": "sc56979e66b64cb1a74644479a1ffd3e",
    "rowskin": "sb9f90f82e2c4baeb1cfdee8669795cf",
    "rowtemplate": "flxRowDay",
    "screenlevelwidget": false,
    "seccounter": 0,
    "sectionheaderskin": "sd13d501339f45879b0cdd9acf089613",
    "selectedRows": null,
    "selectedState": false,
    "selectedindex": null,
    "selectedindices": null,
    "selecteditems": null,
    "selectedsectionindex": 0,
    "selectionbehavior": "default",
    "separatorrequired": false,
    "showscrollbars": false,
    "tabpaneId": "durationTab",
    "viewtype": "tableview",
    "wType": "Segment",
    "widgetalignment": 5,
    "widgetdatamap": {
        "flxRowDay": "flxRowDay",
        "flxShiftDetails": "flxShiftDetails",
        "flxUserDetails": "flxUserDetails",
        "flxUserImage": "flxUserImage",
        "imgUser": "imgUser",
        "lblEETime": "lblEETime",
        "lblRowUserDesg": "lblRowUserDesg",
        "lblRowUserName": "lblRowUserName",
        "lblRowUserShift": "lblRowUserShift",
        "lblSSTime": "lblSSTime",
        "lblShiftEndTime": "lblShiftEndTime",
        "lblShiftStartTime": "lblShiftStartTime",
        "lblgreen": "lblgreen",
        "lblred": "lblred"
    },
    "zindex": 1
}