{
    "@class": "com.kony.gen.viz.model.container.KVizSegment2",
    "DNDConfig": null,
    "__markedForDelete__": true,
    "__parentReadjusting__": false,
    "_data_": [
        {
            "imgUser": {
                "@class": "com.viz.ide.model.segment.ImageSegmentData",
                "src": "profile_icon.png"
            },
            "lblFri": {
                "@class": "com.viz.ide.model.segment.SimpleTextSegmentData",
                "text": "Label"
            },
            "lblMon": {
                "@class": "com.viz.ide.model.segment.SimpleTextSegmentData",
                "text": "Label"
            },
            "lblRowUserDesg": {
                "@class": "com.viz.ide.model.segment.SimpleTextSegmentData",
                "text": "MF-Engineer"
            },
            "lblRowUserName": {
                "@class": "com.viz.ide.model.segment.SimpleTextSegmentData",
                "text": "Employee Name"
            },
            "lblSat": {
                "@class": "com.viz.ide.model.segment.SimpleTextSegmentData",
                "text": "Label"
            },
            "lblSun": {
                "@class": "com.viz.ide.model.segment.SimpleTextSegmentData",
                "text": "Label"
            },
            "lblTh": {
                "@class": "com.viz.ide.model.segment.SimpleTextSegmentData",
                "text": "Label"
            },
            "lblTue": {
                "@class": "com.viz.ide.model.segment.SimpleTextSegmentData",
                "text": "Label"
            },
            "lblWed": {
                "@class": "com.viz.ide.model.segment.SimpleTextSegmentData",
                "text": "Label"
            }
        },
        {
            "imgUser": {
                "@class": "com.viz.ide.model.segment.ImageSegmentData",
                "src": "profile_icon.png"
            },
            "lblFri": {
                "@class": "com.viz.ide.model.segment.SimpleTextSegmentData",
                "text": "Label"
            },
            "lblMon": {
                "@class": "com.viz.ide.model.segment.SimpleTextSegmentData",
                "text": "Label"
            },
            "lblRowUserDesg": {
                "@class": "com.viz.ide.model.segment.SimpleTextSegmentData",
                "text": "MF-Engineer"
            },
            "lblRowUserName": {
                "@class": "com.viz.ide.model.segment.SimpleTextSegmentData",
                "text": "Employee Name"
            },
            "lblSat": {
                "@class": "com.viz.ide.model.segment.SimpleTextSegmentData",
                "text": "Label"
            },
            "lblSun": {
                "@class": "com.viz.ide.model.segment.SimpleTextSegmentData",
                "text": "Label"
            },
            "lblTh": {
                "@class": "com.viz.ide.model.segment.SimpleTextSegmentData",
                "text": "Label"
            },
            "lblTue": {
                "@class": "com.viz.ide.model.segment.SimpleTextSegmentData",
                "text": "Label"
            },
            "lblWed": {
                "@class": "com.viz.ide.model.segment.SimpleTextSegmentData",
                "text": "Label"
            }
        },
        {
            "imgUser": {
                "@class": "com.viz.ide.model.segment.ImageSegmentData",
                "src": "profile_icon.png"
            },
            "lblFri": {
                "@class": "com.viz.ide.model.segment.SimpleTextSegmentData",
                "text": "Label"
            },
            "lblMon": {
                "@class": "com.viz.ide.model.segment.SimpleTextSegmentData",
                "text": "Label"
            },
            "lblRowUserDesg": {
                "@class": "com.viz.ide.model.segment.SimpleTextSegmentData",
                "text": "MF-Engineer"
            },
            "lblRowUserName": {
                "@class": "com.viz.ide.model.segment.SimpleTextSegmentData",
                "text": "Employee Name"
            },
            "lblSat": {
                "@class": "com.viz.ide.model.segment.SimpleTextSegmentData",
                "text": "Label"
            },
            "lblSun": {
                "@class": "com.viz.ide.model.segment.SimpleTextSegmentData",
                "text": "Label"
            },
            "lblTh": {
                "@class": "com.viz.ide.model.segment.SimpleTextSegmentData",
                "text": "Label"
            },
            "lblTue": {
                "@class": "com.viz.ide.model.segment.SimpleTextSegmentData",
                "text": "Label"
            },
            "lblWed": {
                "@class": "com.viz.ide.model.segment.SimpleTextSegmentData",
                "text": "Label"
            }
        }
    ],
    "_height_": {
        "type": "string",
        "value": "100%"
    },
    "_indicator_": "none",
    "_left_": {
        "type": "string",
        "value": "0dp"
    },
    "_margin_": [
        0,
        0,
        0,
        0
    ],
    "_orientation_": 2,
    "_padding_": [
        0,
        0,
        0,
        0
    ],
    "_top_": {
        "type": "string",
        "value": "10%"
    },
    "_width_": {
        "type": "string",
        "value": "100%"
    },
    "autogrowmode": 0,
    "canUpdateUI": true,
    "containerweight": 100,
    "counter": "02",
    "focusedindex": null,
    "focuseditem": null,
    "groupcells": false,
    "hasSections": false,
    "id": "segWeekly",
    "info": null,
    "ipad": {
        "psp": {
            "indicator": "rowselect"
        }
    },
    "iphone": {
        "psp": {
            "indicator": "none"
        }
    },
    "isvisible": true,
    "kuid": "gcf4f87de1af4aceae732020307806ba",
    "masterdata": {},
    "name": "kony.ui.SegmentedUI2",
    "needpageindicator": true,
    "pageoffdotimage": "pageoffdot.png",
    "pageondotimage": "pageondot.png",
    "paginationconfig": {
        "position": "bottom"
    },
    "parent": "weeklyTab",
    "pf": "frmDashboard",
    "retainselection": false,
    "rowTemplateId": "a18afb947db24392a91fe01655aee249",
    "rowcounter": 2,
    "rowfocusskin": "sc56979e66b64cb1a74644479a1ffd3e",
    "rowskin": "sb9f90f82e2c4baeb1cfdee8669795cf",
    "rowtemplate": "flxRowWeek",
    "screenlevelwidget": false,
    "seccounter": 0,
    "sectionheaderskin": "sd13d501339f45879b0cdd9acf089613",
    "selectedRows": null,
    "selectedState": false,
    "selectedindex": null,
    "selectedindices": null,
    "selecteditems": null,
    "selectedsectionindex": 0,
    "selectionbehavior": "default",
    "separatorcolor": "64646400",
    "separatorrequired": true,
    "separatorthickness": 1,
    "showscrollbars": false,
    "tabpaneId": "durationTab",
    "viewtype": "tableview",
    "wType": "Segment",
    "widgetalignment": 5,
    "widgetdatamap": {
        "flxRowWeek": "flxRowWeek",
        "flxShiftDetails": "flxShiftDetails",
        "flxUserDetails": "flxUserDetails",
        "flxUserImage": "flxUserImage",
        "imgUser": "imgUser",
        "lblFri": "lblFri",
        "lblMon": "lblMon",
        "lblRowUserDesg": "lblRowUserDesg",
        "lblRowUserName": "lblRowUserName",
        "lblSat": "lblSat",
        "lblSun": "lblSun",
        "lblTh": "lblTh",
        "lblTue": "lblTue",
        "lblWed": "lblWed"
    },
    "zindex": 1
}