{
    "@class": "com.kony.gen.viz.model.component.KVizButton",
    "DNDConfig": null,
    "__parentReadjusting__": false,
    "_height_": {
        "type": "string",
        "value": "42dp"
    },
    "_left_": {
        "type": "string",
        "value": "770dp"
    },
    "_margin_": [
        6,
        6,
        6,
        6
    ],
    "_padding_": [
        0,
        0,
        0,
        0
    ],
    "_skin_": "seea59d25e2f47d7890d4a977f118fac",
    "_text_": "Employee Added",
    "_top_": {
        "type": "string",
        "value": "94dp"
    },
    "_width_": {
        "type": "string",
        "value": "210dp"
    },
    "canUpdateUI": true,
    "containerweight": 100,
    "contentalignment": 5,
    "displaytext": true,
    "focusskin": "s587493a9f244e938b609a96bb20ab0e",
    "id": "btnAckEmpAdd",
    "info": null,
    "isvisible": false,
    "kuid": "eab0f7b3f3a5469a845f201961a8a95a",
    "name": "kony.ui.Button",
    "parent": "frmAddEmployee",
    "pf": "frmAddEmployee",
    "wType": "Button",
    "zindex": 1
}