{
    "@class": "com.kony.gen.viz.model.component.KVizButton",
    "DNDConfig": null,
    "__parentReadjusting__": false,
    "_height_": {
        "type": "string",
        "value": "40dp"
    },
    "_left_": {
        "type": "string",
        "value": "557dp"
    },
    "_margin_": [
        6,
        6,
        6,
        6
    ],
    "_padding_": [
        0,
        0,
        0,
        0
    ],
    "_skin_": "s3619eb94aae4969abb02680c80bd021",
    "_text_": "Clear",
    "_top_": {
        "type": "string",
        "value": "82.78%"
    },
    "_width_": {
        "type": "string",
        "value": "260dp"
    },
    "canUpdateUI": true,
    "centerx": {
        "type": "string",
        "value": "50%"
    },
    "containerweight": 100,
    "contentalignment": 5,
    "displaytext": true,
    "focusskin": "s5ab860bc9964e61a7d2e6243979cfdd",
    "id": "btnEmpINfoCancel",
    "ide_onClick": "AS_Button_iacd3b903b7e4263af53c3c93f01f2e0",
    "info": null,
    "isvisible": true,
    "kuid": "f97fa2083fd54571bcb40004e4b8736d",
    "name": "kony.ui.Button",
    "parent": "flxEmployeeInfo",
    "pf": "frmAddEmployee",
    "wType": "Button",
    "zindex": 1
}