{
    "@class": "com.kony.gen.viz.model.component.KVizButton",
    "DNDConfig": null,
    "__parentReadjusting__": false,
    "_height_": {
        "type": "string",
        "value": "40dp"
    },
    "_left_": {
        "type": "string",
        "value": "557dp"
    },
    "_margin_": [
        6,
        6,
        6,
        6
    ],
    "_padding_": [
        0,
        0,
        0,
        0
    ],
    "_skin_": "s1c95a0dcddd423aab9594ebab897628",
    "_text_": "Submit",
    "_top_": {
        "type": "string",
        "value": "82.78%"
    },
    "_width_": {
        "type": "string",
        "value": "260dp"
    },
    "canUpdateUI": true,
    "centerx": {
        "type": "string",
        "value": "70%"
    },
    "containerweight": 100,
    "contentalignment": 5,
    "displaytext": true,
    "focusskin": "s212956aef474fa19926de76893453c0",
    "id": "btnEmpInfoSubmit",
    "ide_onClick": "AS_Button_f28ddf12f9e24903beb0e1fea894e6f6",
    "info": null,
    "isvisible": true,
    "kuid": "b683801303ef4400a9d2c1171dcff191",
    "name": "kony.ui.Button",
    "parent": "flxEmployeeInfo",
    "pf": "frmAddEmployee",
    "wType": "Button",
    "zindex": 1
}