{
    "@class": "com.kony.gen.viz.model.component.KVizButton",
    "DNDConfig": null,
    "__parentReadjusting__": false,
    "_height_": {
        "type": "string",
        "value": "15%"
    },
    "_left_": {
        "type": "string",
        "value": "0%"
    },
    "_margin_": [
        6,
        6,
        6,
        6
    ],
    "_padding_": [
        0,
        0,
        0,
        0
    ],
    "_skin_": "s76676650bac48ca965bf4fc05f5381e",
    "_text_": "",
    "_top_": {
        "type": "string",
        "value": "0%"
    },
    "_width_": {
        "type": "string",
        "value": "15%"
    },
    "canUpdateUI": true,
    "containerweight": 100,
    "contentalignment": 5,
    "displaytext": true,
    "focusskin": "s08f2d8e8fe94bc5abb98e2262460823",
    "id": "btnmenu",
    "ide_onClick": "AS_Button_j63680e204284ff0a4b7e1279c7601f3",
    "info": null,
    "isvisible": true,
    "kuid": "eabad8cb68384b19b1899593a95676fb",
    "name": "kony.ui.Button",
    "parent": "flxDetails",
    "pf": "frmAddEmployee",
    "wType": "Button",
    "zindex": 1
}