{
    "@class": "com.kony.gen.viz.model.component.KVizDateField",
    "DNDConfig": null,
    "Image": "calbtn.png",
    "__parentReadjusting__": false,
    "_data_": null,
    "_date_": "31/7/2017",
    "_height_": {
        "type": "string",
        "value": "50%"
    },
    "_left_": "44.81%",
    "_margin_": [
        0,
        0,
        0,
        0
    ],
    "_padding_": [
        0,
        0,
        0,
        0
    ],
    "_skin_": "s3f7766ba3344832befc6b66a32e4662",
    "_top_": "25.00%",
    "_width_": {
        "type": "string",
        "value": "40%"
    },
    "advview": "default",
    "calendaricon": "calbtn.png",
    "canUpdateUI": true,
    "containerweight": 100,
    "contentalignment": 5,
    "datecomponents": [
        31,
        7,
        2017,
        0,
        0,
        0
    ],
    "dateeditable": true,
    "dateformat": "dd/MM/yyyy",
    "day": 31,
    "daytextalignmentincell": 5,
    "format": "dd/MM/yyyy",
    "formatteddate": "31/07/2017",
    "hidedaysheader": false,
    "hidemonthsheader": false,
    "hour": 0,
    "id": "calD",
    "ide_onSelection": "AS_Calendar_fdf509fdf6084ac08afc84f09997efb8",
    "info": null,
    "isvisible": true,
    "kuid": "daac499f43bf456795f7f03553075579",
    "minutes": 0,
    "month": 7,
    "name": "kony.ui.Calendar",
    "noofmonths": 1,
    "pagedate": "/2017",
    "parent": "flxS",
    "pf": "frmEditShiftDetails",
    "seconds": 0,
    "selectdate": "//2017",
    "viewtype": "default",
    "wType": "Calendar",
    "widgetalignment": 5,
    "year": 2017,
    "zindex": 1
}