{
    "@class": "com.kony.gen.viz.model.component.KVizDateField",
    "DNDConfig": null,
    "Image": "calbtn.png",
    "__parentReadjusting__": false,
    "_data_": null,
    "_date_": "31/7/2017",
    "_height_": {
        "type": "string",
        "value": "50%"
    },
    "_left_": {
        "type": "string",
        "value": "44.80%"
    },
    "_margin_": [
        0,
        0,
        0,
        0
    ],
    "_padding_": [
        0,
        0,
        0,
        0
    ],
    "_skin_": "sf1b235a281d48339f49feb3554c1eff",
    "_top_": {
        "type": "string",
        "value": "25%"
    },
    "_width_": {
        "type": "string",
        "value": "40%"
    },
    "advview": "default",
    "calendaricon": "calbtn.png",
    "canUpdateUI": true,
    "containerweight": 100,
    "contentalignment": 5,
    "datecomponents": [
        31,
        7,
        2017,
        0,
        0,
        0
    ],
    "dateeditable": true,
    "dateformat": "dd/MM/yyyy",
    "day": 31,
    "daytextalignmentincell": 5,
    "format": "dd/MM/yyyy",
    "formatteddate": "31/07/2017",
    "hidedaysheader": false,
    "hidemonthsheader": false,
    "hour": 0,
    "id": "calendarD",
    "ide_onSelection": "AS_Calendar_c69f67a4e1a7480eb785b76a9614f41f",
    "info": null,
    "isvisible": true,
    "kuid": "j2b2f65776294adf9abca230c363898e",
    "minutes": 0,
    "month": 7,
    "name": "kony.ui.Calendar",
    "noofmonths": 1,
    "pagedate": "/2017",
    "parent": "flxDate",
    "pf": "frmEditShiftDetails",
    "seconds": 0,
    "selectdate": "//2017",
    "viewtype": "default",
    "wType": "Calendar",
    "widgetalignment": 5,
    "year": 2017,
    "zindex": 1
}