{
    "DNDConfig": null,
    "__markedForDelete__": true,
    "__parentReadjusting__": false,
    "_height_": {
        "type": "string",
        "value": "15%"
    },
    "_left_": "0%",
    "_margin_": [
        0,
        0,
        0,
        0
    ],
    "_orientation_": 6,
    "_padding_": [
        0,
        0,
        0,
        0
    ],
    "_percent_": true,
    "_skin_": "s6a46edd68d24e9e98e8f06f2e3800f5",
    "_top_": "36%",
    "_width_": {
        "type": "string",
        "value": "100%"
    },
    "allboxes": [],
    "autogrowmode": 0,
    "canUpdateUI": true,
    "children": [
        "lblShift",
        "lbxShiftType2"
    ],
    "clipbounds": true,
    "containerweight": 100,
    "enablescrolling": true,
    "id": "flxSet",
    "info": null,
    "isvisible": true,
    "kuid": "i6929578eb49470d80fe760067d2f0d7",
    "layouttype": 2,
    "name": "kony.ui.FlexContainer",
    "parent": "flxSingleDay",
    "pf": "frmEditShiftDetails",
    "snapgridsize": 10,
    "snaptogrid": true,
    "wType": "FlexContainer",
    "widgetalignment": 1,
    "zindex": 1
}