{
    "DNDConfig": null,
    "__parentReadjusting__": false,
    "_height_": {
        "type": "string",
        "value": "17.66%"
    },
    "_left_": {
        "type": "string",
        "value": "41.93%"
    },
    "_margin_": [
        0,
        0,
        0,
        0
    ],
    "_orientation_": 6,
    "_padding_": [
        0,
        0,
        0,
        0
    ],
    "_percent_": true,
    "_skin_": "s1d42af2fd2f421294cc18584de8e27a",
    "_top_": {
        "type": "string",
        "value": "64.44%"
    },
    "_width_": {
        "type": "string",
        "value": "38.57%"
    },
    "allboxes": [],
    "autogrowmode": 0,
    "canUpdateUI": true,
    "children": [
        "lblNameInfo",
        "lblShiftInfo",
        "lblShiftValue",
        "lblNameValue"
    ],
    "clipbounds": true,
    "containerweight": 100,
    "enablescrolling": true,
    "id": "flxShowInfo",
    "info": null,
    "isvisible": true,
    "kuid": "a8d1fd836d1941088b781cf0aa16f10c",
    "layouttype": 2,
    "name": "kony.ui.FlexContainer",
    "parent": "FlexContainer0j1e4bee4b32d43",
    "pf": "frmEditShiftDetails",
    "snapgridsize": 10,
    "snaptogrid": true,
    "wType": "FlexContainer",
    "widgetalignment": 1,
    "zindex": 1
}