{
    "@class": "com.kony.gen.viz.model.component.KVizRadio",
    "DNDConfig": null,
    "__parentReadjusting__": false,
    "_height_": {
        "type": "string",
        "value": "3%"
    },
    "_left_": {
        "type": "string",
        "value": "50.00%"
    },
    "_margin_": [
        0,
        0,
        0,
        0
    ],
    "_padding_": [
        0,
        0,
        0,
        0
    ],
    "_skin_": "sadab89b8cd242888458480fb6341a97",
    "_top_": {
        "type": "string",
        "value": "14%"
    },
    "_width_": {
        "type": "string",
        "value": "16%"
    },
    "android": {
        "psp": {
            "viewType": 0
        }
    },
    "canUpdateUI": true,
    "containerweight": 100,
    "groupcells": false,
    "id": "RadioButtonShift",
    "ide_onSelection": "AS_RadioButtonGroup_jc0738964edb4ea28cba3e287c3541d3",
    "info": null,
    "ipad": {
        "psp": {
            "viewType": 0
        }
    },
    "iphone": {
        "psp": {
            "viewType": 0
        }
    },
    "isvisible": true,
    "itemorientation": "horizontal",
    "kuid": "a842bbf6b6c3427193c647985c657772",
    "masterdata": [
        [
            "rbg1",
            "Week Change"
        ],
        [
            "rbg2",
            "Day Change"
        ]
    ],
    "name": "kony.ui.RadioButtonGroup",
    "parent": "FlexContainer0j1e4bee4b32d43",
    "pf": "frmEditShiftDetails",
    "selectedkey": "rbg1",
    "selectedkeyvalue": [
        "rbg1",
        "Week Change"
    ],
    "size": 18,
    "viewconfig": {
        "toggleViewConfig": {
            "viewStyle": 0
        }
    },
    "viewtype": 0,
    "wType": "RadioButtonGroup",
    "widgetalignment": 5,
    "zindex": 1
}