{
    "@class": "com.kony.gen.viz.model.component.KVizButton",
    "DNDConfig": null,
    "__parentReadjusting__": false,
    "_height_": {
        "type": "string",
        "value": "6%"
    },
    "_left_": {
        "type": "string",
        "value": "40%"
    },
    "_margin_": [
        6,
        6,
        6,
        6
    ],
    "_padding_": [
        0,
        0,
        0,
        0
    ],
    "_skin_": "sc9b4ad052514dc297639ab64a4f037a",
    "_text_": "Request",
    "_top_": {
        "type": "string",
        "value": "60%"
    },
    "_width_": {
        "type": "string",
        "value": "20%"
    },
    "canUpdateUI": true,
    "containerweight": 100,
    "contentalignment": 5,
    "displaytext": true,
    "focusskin": "scc3a3b7ef544b74a402b270dbf2c740",
    "id": "CopybtnDaily0e5f6a1e402384c",
    "ide_onClick": "AS_Button_g453f2db31ad436f9635fc8f9db26d72",
    "info": null,
    "isvisible": true,
    "kuid": "c8026ca0ef414f7b9f420910e7754eda",
    "name": "kony.ui.Button",
    "parent": "flxLogin",
    "pf": "frmRequest",
    "wType": "Button",
    "zindex": 1
}