{
    "@class": "com.kony.gen.viz.model.component.KVizButton",
    "DNDConfig": null,
    "__markedForDelete__": true,
    "__parentReadjusting__": false,
    "_height_": {
        "type": "string",
        "value": "22%"
    },
    "_margin_": [
        6,
        6,
        6,
        6
    ],
    "_padding_": [
        0,
        0,
        0,
        0
    ],
    "_skin_": "s0f32b449aef42ce996875f6bafa75a0",
    "_text_": "GO BACK",
    "_top_": {
        "type": "string",
        "value": "60%"
    },
    "_width_": {
        "type": "string",
        "value": "70%"
    },
    "canUpdateUI": true,
    "centerx": {
        "type": "string",
        "value": "50%"
    },
    "containerweight": 100,
    "contentalignment": 5,
    "displaytext": true,
    "focusskin": "s4e60f025bcc47ed9d156541ffd1d299",
    "id": "CopybtnForgot0g5ee0d09e8ba4f",
    "ide_onClick": "AS_Button_i73d0c24374e4772982c91ac62763200",
    "info": null,
    "isvisible": true,
    "kuid": "cc997d334e3e4fbbae51b9ae5fbab48b",
    "name": "kony.ui.Button",
    "parent": "Copyflxin0c6485318f52541",
    "pf": "frmRequest",
    "wType": "Button",
    "zindex": 1
}