{
    "DNDConfig": null,
    "__parentReadjusting__": false,
    "_height_": {
        "type": "string",
        "value": "84%"
    },
    "_left_": {
        "type": "string",
        "value": "5%"
    },
    "_margin_": [
        0,
        0,
        0,
        0
    ],
    "_orientation_": 6,
    "_padding_": [
        0,
        0,
        0,
        0
    ],
    "_percent_": true,
    "_skin_": "s5098a8d18644752bb1780064f3c9f86",
    "_top_": {
        "type": "string",
        "value": "16%"
    },
    "_width_": {
        "type": "string",
        "value": "25%"
    },
    "allboxes": [],
    "autogrowmode": 0,
    "canUpdateUI": true,
    "children": [
        "rtCalendar",
        "flxDetails"
    ],
    "clipbounds": true,
    "containerweight": 100,
    "enablescrolling": true,
    "id": "flxCalendar",
    "info": null,
    "isvisible": true,
    "kuid": "a78261026c34471babc52529bc3686cf",
    "layouttype": 2,
    "name": "kony.ui.FlexContainer",
    "parent": "frmRequest",
    "pf": "frmRequest",
    "snapgridsize": 10,
    "snaptogrid": true,
    "wType": "FlexContainer",
    "widgetalignment": 1,
    "zindex": 1
}