{
    "@class": "com.kony.gen.viz.model.component.KVizDateField",
    "DNDConfig": null,
    "Image": "calbtn.png",
    "__id": "frmRequest_fromDate",
    "__input": "fromDate",
    "__parentReadjusting__": false,
    "_data_": null,
    "_date_": [
        null,
        null,
        null
    ],
    "_height_": {
        "type": "string",
        "value": "40dp"
    },
    "_left_": {
        "type": "string",
        "value": "59.92%"
    },
    "_margin_": [
        0,
        0,
        0,
        0
    ],
    "_padding_": [
        0,
        0,
        0,
        0
    ],
    "_skin_": "se49bf5780f64b51aa5077d892762bd6",
    "_top_": {
        "type": "string",
        "value": "13%"
    },
    "_width_": {
        "type": "string",
        "value": "30.08%"
    },
    "advview": "default",
    "calendaricon": "calbtn.png",
    "canUpdateUI": true,
    "containerweight": 100,
    "contentalignment": 5,
    "datecomponents": null,
    "dateeditable": true,
    "dateformat": "dd/MM/yyyy",
    "datesGroup": [],
    "datesState": 0,
    "day": null,
    "daytextalignmentincell": 5,
    "displayedMonths": [
        7,
        2017
    ],
    "entereddate": null,
    "format": "dd/MM/yyyy",
    "formatteddate": null,
    "hidedaysheader": false,
    "hidemonthsheader": false,
    "hour": null,
    "id": "fromDate",
    "ide_onSelection": "AS_Calendar_jc7cb11c74224e21be502125f12919d1",
    "info": null,
    "isvisible": true,
    "kuid": "i84adfc9c6bf42e89d507fddda7cb6d5",
    "minutes": null,
    "month": null,
    "monthsinrow": 3,
    "name": "kony.ui.Calendar",
    "navigatorAlert": "Invalid Selection",
    "noofmonths": 1,
    "pagedate": "/2017",
    "parent": "flxLogin",
    "pf": "frmRequest",
    "popupHeight": "auto",
    "popupWidth": "auto",
    "seconds": null,
    "selectdate": "//2017",
    "startDay": 0,
    "viewtype": "default",
    "wType": "Calendar",
    "widgetalignment": 5,
    "widths": [
        "14.2857%;",
        "14.2857%;",
        "14.2857%;",
        "14.2857%;",
        "14.2857%;",
        "14.2857%;",
        "14.2857%;"
    ],
    "year": null,
    "zindex": 1
}