{
    "@class": "com.kony.gen.viz.model.component.KVizRadio",
    "DNDConfig": null,
    "__parentReadjusting__": false,
    "_height_": {
        "type": "string",
        "value": "40dp"
    },
    "_left_": {
        "type": "string",
        "value": "48%"
    },
    "_margin_": [
        0,
        0,
        0,
        0
    ],
    "_padding_": [
        0,
        0,
        0,
        0
    ],
    "_skin_": "sdac55baff40481c9244ade59f1a887c",
    "_top_": {
        "type": "string",
        "value": "10%"
    },
    "_width_": {
        "type": "string",
        "value": "32%"
    },
    "android": {
        "psp": {
            "viewType": 0
        }
    },
    "canUpdateUI": true,
    "containerweight": 100,
    "groupcells": false,
    "id": "RadioButtonGroup0f92ef6e1bc3847",
    "ide_onSelection": "AS_RadioButtonGroup_g825d351a7374002a311fdd752d761a9",
    "info": null,
    "ipad": {
        "psp": {
            "viewType": 0
        }
    },
    "iphone": {
        "psp": {
            "viewType": 0
        }
    },
    "isvisible": true,
    "itemorientation": "horizontal",
    "kuid": "f0d106cc9ff446a1b042e3e30916efa8",
    "masterdata": [
        [
            "rbg1",
            "Apply Request"
        ],
        [
            "rbg2",
            "View Previous Request"
        ]
    ],
    "name": "kony.ui.RadioButtonGroup",
    "parent": "frmRequest",
    "pf": "frmRequest",
    "selectedkey": "rbg1",
    "selectedkeyvalue": [
        "rbg1",
        "Apply Request"
    ],
    "size": 18,
    "viewconfig": {
        "toggleViewConfig": {
            "viewStyle": 0
        }
    },
    "viewtype": 0,
    "wType": "RadioButtonGroup",
    "widgetalignment": 5,
    "zindex": 1
}