{
    "@class": "com.kony.gen.viz.model.component.KVizRichText",
    "DNDConfig": null,
    "__markedForDelete__": true,
    "__parentReadjusting__": false,
    "_height_": {
        "type": "string",
        "value": "75%"
    },
    "_left_": "0%",
    "_margin_": [
        0,
        0,
        0,
        0
    ],
    "_padding_": [
        0,
        0,
        0,
        0
    ],
    "_skin_": "s7152ed12d234f1a85d3db8d93990da9",
    "_text_": "<div  class=\"yui3-skin-sam\">     <div id=\"mycalendar\"></div>  </div>",
    "_top_": {
        "type": "string",
        "value": "43%"
    },
    "_width_": {
        "type": "string",
        "value": "100%"
    },
    "_wrapping_": 2,
    "canUpdateUI": true,
    "containerweight": 100,
    "contentalignment": 4,
    "id": "rtCalendar",
    "info": null,
    "isvisible": true,
    "kuid": "j43b02cad9c64d2283c688fdcfb99bcd",
    "name": "kony.ui.RichText",
    "parent": "flxCalendar",
    "pf": "frmRequest",
    "wType": "RichText",
    "widgetalignment": 5,
    "zindex": 1
}