{
    "@class": "com.kony.gen.viz.model.container.KVizSegment2",
    "DNDConfig": null,
    "__parentReadjusting__": false,
    "_data_": [
        {
            "Cshift": {
                "@class": "com.viz.ide.model.segment.SimpleTextSegmentData",
                "text": "Current Shift"
            },
            "Rshift": {
                "@class": "com.viz.ide.model.segment.SimpleTextSegmentData",
                "text": "Requested Shift"
            },
            "imgUser": {
                "@class": "com.viz.ide.model.segment.ImageSegmentData",
                "src": "username.png"
            },
            "lbl2": {
                "@class": "com.viz.ide.model.segment.SimpleTextSegmentData",
                "text": "dd/mm/yyyy"
            },
            "lbl4": {
                "@class": "com.viz.ide.model.segment.SimpleTextSegmentData",
                "text": "-"
            },
            "lbl5": {
                "@class": "com.viz.ide.model.segment.SimpleTextSegmentData",
                "text": "-"
            },
            "lblResult": {
                "@class": "com.viz.ide.model.segment.SimpleTextSegmentData",
                "text": "Requested Shift"
            },
            "lblRowUserDesg": {
                "@class": "com.viz.ide.model.segment.SimpleTextSegmentData",
                "text": "MF-Engineer"
            },
            "lblRowUserName": {
                "@class": "com.viz.ide.model.segment.SimpleTextSegmentData",
                "text": "Employee Name"
            },
            "lbldate": {
                "@class": "com.viz.ide.model.segment.SimpleTextSegmentData",
                "text": "Date"
            },
            "result": {
                "@class": "com.viz.ide.model.segment.SimpleTextSegmentData",
                "text": "-"
            }
        },
        {
            "Cshift": {
                "@class": "com.viz.ide.model.segment.SimpleTextSegmentData",
                "text": "Current Shift"
            },
            "Rshift": {
                "@class": "com.viz.ide.model.segment.SimpleTextSegmentData",
                "text": "Requested Shift"
            },
            "imgUser": {
                "@class": "com.viz.ide.model.segment.ImageSegmentData",
                "src": "username.png"
            },
            "lbl2": {
                "@class": "com.viz.ide.model.segment.SimpleTextSegmentData",
                "text": "dd/mm/yyyy"
            },
            "lbl4": {
                "@class": "com.viz.ide.model.segment.SimpleTextSegmentData",
                "text": "-"
            },
            "lbl5": {
                "@class": "com.viz.ide.model.segment.SimpleTextSegmentData",
                "text": "-"
            },
            "lblResult": {
                "@class": "com.viz.ide.model.segment.SimpleTextSegmentData",
                "text": "Requested Shift"
            },
            "lblRowUserDesg": {
                "@class": "com.viz.ide.model.segment.SimpleTextSegmentData",
                "text": "MF-Engineer"
            },
            "lblRowUserName": {
                "@class": "com.viz.ide.model.segment.SimpleTextSegmentData",
                "text": "Employee Name"
            },
            "lbldate": {
                "@class": "com.viz.ide.model.segment.SimpleTextSegmentData",
                "text": "Date"
            },
            "result": {
                "@class": "com.viz.ide.model.segment.SimpleTextSegmentData",
                "text": "-"
            }
        },
        {
            "Cshift": {
                "@class": "com.viz.ide.model.segment.SimpleTextSegmentData",
                "text": "Current Shift"
            },
            "Rshift": {
                "@class": "com.viz.ide.model.segment.SimpleTextSegmentData",
                "text": "Requested Shift"
            },
            "imgUser": {
                "@class": "com.viz.ide.model.segment.ImageSegmentData",
                "src": "username.png"
            },
            "lbl2": {
                "@class": "com.viz.ide.model.segment.SimpleTextSegmentData",
                "text": "dd/mm/yyyy"
            },
            "lbl4": {
                "@class": "com.viz.ide.model.segment.SimpleTextSegmentData",
                "text": "-"
            },
            "lbl5": {
                "@class": "com.viz.ide.model.segment.SimpleTextSegmentData",
                "text": "-"
            },
            "lblResult": {
                "@class": "com.viz.ide.model.segment.SimpleTextSegmentData",
                "text": "Requested Shift"
            },
            "lblRowUserDesg": {
                "@class": "com.viz.ide.model.segment.SimpleTextSegmentData",
                "text": "MF-Engineer"
            },
            "lblRowUserName": {
                "@class": "com.viz.ide.model.segment.SimpleTextSegmentData",
                "text": "Employee Name"
            },
            "lbldate": {
                "@class": "com.viz.ide.model.segment.SimpleTextSegmentData",
                "text": "Date"
            },
            "result": {
                "@class": "com.viz.ide.model.segment.SimpleTextSegmentData",
                "text": "-"
            }
        }
    ],
    "_height_": {
        "type": "string",
        "value": "100%"
    },
    "_indicator_": "none",
    "_left_": {
        "type": "string",
        "value": "0%"
    },
    "_margin_": [
        0,
        0,
        0,
        0
    ],
    "_orientation_": 2,
    "_padding_": [
        0,
        0,
        0,
        0
    ],
    "_top_": {
        "type": "string",
        "value": "0%"
    },
    "_width_": {
        "type": "string",
        "value": "100%"
    },
    "autogrowmode": 0,
    "canUpdateUI": true,
    "containerweight": 100,
    "counter": "02",
    "focusedindex": null,
    "focuseditem": null,
    "generatedtemplate": "e3033316592c4682ba4a36f9d8b182a4",
    "groupcells": false,
    "hasSections": false,
    "id": "seg123",
    "info": null,
    "ipad": {
        "psp": {
            "indicator": "rowselect"
        }
    },
    "iphone": {
        "psp": {
            "indicator": "rowselect"
        }
    },
    "isvisible": true,
    "kuid": "ie50be8237ba48f7bbcb0a4e72f5f89c",
    "masterdata": {},
    "name": "kony.ui.SegmentedUI2",
    "needpageindicator": true,
    "pageoffdotimage": "pageoffdot.png",
    "pageondotimage": "pageondot.png",
    "paginationconfig": {
        "position": "bottom"
    },
    "parent": "flxhistory",
    "pf": "frmRequest",
    "retainselection": false,
    "rowTemplateId": "j042154e87214b7da8116829fc8e7c04",
    "rowcounter": 2,
    "rowfocusskin": "sc56979e66b64cb1a74644479a1ffd3e",
    "rowskin": "sb9f90f82e2c4baeb1cfdee8669795cf",
    "rowtemplate": "CopyflxRowDay0aa41bda68b8547",
    "screenlevelwidget": false,
    "seccounter": 0,
    "sectionheaderskin": "sd13d501339f45879b0cdd9acf089613",
    "selectedRows": null,
    "selectedState": false,
    "selectedindex": null,
    "selectedindices": null,
    "selecteditems": null,
    "selectedsectionindex": 0,
    "selectionbehavior": "default",
    "separatorcolor": "64646400",
    "separatorrequired": true,
    "separatorthickness": 1,
    "showscrollbars": false,
    "viewtype": "tableview",
    "wType": "Segment",
    "widgetalignment": 5,
    "widgetdatamap": {
        "CopyflxRowDay0aa41bda68b8547": "CopyflxRowDay0aa41bda68b8547",
        "Copyflxdate0c4d7ef93ad1d4b": "Copyflxdate0c4d7ef93ad1d4b",
        "Copyflxdate0d0922f23ace142": "Copyflxdate0d0922f23ace142",
        "Copyflxdate0f08866219d084f": "Copyflxdate0f08866219d084f",
        "Cshift": "Cshift",
        "Rshift": "Rshift",
        "flxUserDetails": "flxUserDetails",
        "flxUserImage": "flxUserImage",
        "flxdate": "flxdate",
        "imgUser": "imgUser",
        "lbl2": "lbl2",
        "lbl4": "lbl4",
        "lbl5": "lbl5",
        "lblResult": "lblResult",
        "lblRowUserDesg": "lblRowUserDesg",
        "lblRowUserName": "lblRowUserName",
        "lbldate": "lbldate",
        "result": "result"
    },
    "zindex": 1
}